Timestamps,subclass,x_center,x_length,y_center,y_length,z_center,z_length,z_rotation
1706225088.27296,VRU_Adult,6.783419132232666,1.2290992736816406,-16.762845993041992,1.153705596923828,-3.200974464416504,1.9718494415283203,18.62896728515625
1706225088.27296,VRU_Adult_Using_Non-Motorized_Device/Prop_Other,10.438233375549316,1.3236242532730105,-0.4721764922142029,1.3025455474853516,-3.81978452205658,1.853995561599732,313.283935546875
1706225088.373158,VRU_Adult,6.780050754547119,1.222240328788757,-16.767900466918945,1.1592748165130615,-3.1540367603302,2.016772747039795,19.5938720703125
1706225088.373158,VRU_Adult_Using_Non-Motorized_Device/Prop_Other,10.435473442077637,1.3223971128463743,-0.4897518157958984,1.2981199026107788,-3.8092775344848633,1.8531723022460933,312.9544372558594
1706225088.473351,VRU_Adult,6.773525714874268,1.2263591289520264,-16.76816177368164,1.1649746894836426,-3.15330183506012,2.0256288051605225,21.716033935546875
1706225088.473351,VRU_Adult_Using_Non-Motorized_Device/Prop_Other,10.45081901550293,1.3240543603897097,-0.4784321188926697,1.3022668361663818,-3.816174030303955,1.8563833236694336,312.65283203125
1706225088.573549,VRU_Adult,6.775439739227295,1.226843237876892,-16.768726348876953,1.166671633720398,-3.153303027153015,2.016817331314087,19.6591796875
1706225088.573549,VRU_Adult_Using_Non-Motorized_Device/Prop_Other,10.471251487731934,1.3232090473175049,-0.4214112758636474,1.3030723333358765,-3.812251031398773,1.85568916797638,312.9329833984375
1706225088.673744,VRU_Adult,6.785519599914551,1.2341315746307373,-16.75347900390625,1.1610108613967896,-3.201288402080536,1.949866890907288,21.200347900390625
1706225088.673744,VRU_Adult_Using_Non-Motorized_Device/Prop_Other,10.473649978637695,1.3220117092132568,-0.4435263276100158,1.301229476928711,-3.814905285835266,1.8517425060272217,312.3533020019531
1706225088.773942,VRU_Adult,6.775745868682861,1.2288691997528076,-16.73537254333496,1.1587939262390137,-3.190001785755157,1.973767638206482,20.83319091796875
1706225088.773942,VRU_Adult_Using_Non-Motorized_Device/Prop_Other,10.454258918762209,1.323017120361328,-0.429553359746933,1.302163004875183,-3.81405633687973,1.8545304536819456,313.0069885253906
1706225088.874141,VRU_Adult,6.771084308624268,1.2383729219436646,-16.76590347290039,1.1708184480667114,-3.179753839969635,1.9760702848434448,21.589080810546875
1706225088.874141,VRU_Adult_Using_Non-Motorized_Device/Prop_Other,10.515117645263672,1.3225586414337158,-0.3771407604217529,1.3038018941879272,-3.810542285442352,1.8553529977798464,313.6387634277344
1706225088.974336,VRU_Adult,6.779775142669678,1.2336541414260864,-16.765554428100586,1.1722791194915771,-3.145387291908264,2.023827314376831,20.519561767578125
1706225088.974336,VRU_Adult_Using_Non-Motorized_Device/Prop_Other,10.268607139587402,1.32391619682312,-0.7458044290542603,1.3055890798568726,-3.809609889984131,1.853487968444824,305.3084716796875
1706225089.07454,VRU_Adult,6.777791500091553,1.228204369544983,-16.759477615356445,1.1615893840789795,-3.193741977214813,1.957506775856018,19.24984741210937
1706225089.07454,VRU_Adult_Using_Non-Motorized_Device/Prop_Other,10.484539031982422,1.3228516578674316,-0.3940178453922272,1.3023961782455444,-3.8115851879119873,1.855649471282959,312.977294921875
1706225089.174732,VRU_Adult,6.767361640930176,1.2265061140060425,-16.753406524658203,1.1564829349517822,-3.19428825378418,1.973859786987305,20.99472045898437
1706225089.174732,VRU_Adult_Using_Non-Motorized_Device/Prop_Other,10.44761848449707,1.3234875202178955,-0.4672513902187347,1.300855040550232,-3.8144801259040833,1.8552497625350952,312.7929992675781
1706225089.274933,VRU_Adult,6.777851581573486,1.2297494411468506,-16.749549865722656,1.1684648990631104,-3.139530062675476,2.0251543521881104,18.74853515625
1706225089.274933,VRU_Adult_Using_Non-Motorized_Device/Prop_Other,10.455796241760254,1.3236879110336304,-0.3892724215984344,1.3028318881988523,-3.816615402698517,1.8551982641220093,312.650390625
1706225089.375122,VRU_Adult,6.774260997772217,1.2352081537246704,-16.76426124572754,1.164162039756775,-3.186938166618347,1.989832162857056,19.516265869140625
1706225089.375122,VRU_Adult_Using_Non-Motorized_Device/Prop_Other,10.478067398071287,1.324886918067932,-0.4194299578666687,1.303518772125244,-3.817933917045593,1.8573448657989504,313.3983764648437
1706225089.475322,VRU_Adult,6.783583164215088,1.2269723415374756,-16.754928588867188,1.1607898473739624,-3.1924296021461487,1.9675110578536987,18.913055419921875
1706225089.475322,VRU_Adult_Using_Non-Motorized_Device/Prop_Other,10.42554759979248,1.322727084159851,-0.4939367175102234,1.3006051778793335,-3.81059068441391,1.8537904024124143,312.7845764160156
1706225089.575515,VRU_Adult,6.789552211761475,1.2294514179229736,-16.759441375732422,1.1645853519439695,-3.162583529949188,1.995299935340881,18.452667236328125
1706225089.575515,VRU_Adult_Using_Non-Motorized_Device/Prop_Other,10.467957496643066,1.3228611946105957,-0.4386526644229889,1.3021048307418823,-3.8124321699142456,1.854644060134888,313.0055236816406
1706225089.675714,VRU_Adult,6.779465198516846,1.2457048892974854,-16.75436019897461,1.1702982187271118,-3.195451319217682,1.9619568586349487,20.7763671875
1706225089.675714,VRU_Adult_Using_Non-Motorized_Device/Prop_Other,10.45766258239746,1.3244165182113647,-0.4721305668354034,1.303069233894348,-3.815100610256195,1.8563681840896609,312.6827087402344
1706225089.775909,VRU_Adult,6.776115894317627,1.2251489162445068,-16.76445960998535,1.1642963886260986,-3.1496384143829346,2.018040180206299,20.5357666015625
1706225089.775909,VRU_Adult_Using_Non-Motorized_Device/Prop_Other,10.458617210388184,1.3238517045974731,-0.4372927248477936,1.3028810024261477,-3.815826117992401,1.8562875986099243,312.7623596191406
1706225089.876106,VRU_Adult,6.77226448059082,1.2281957864761353,-16.75963020324707,1.1637648344039917,-3.144433379173279,2.025080919265747,20.562286376953125
1706225089.876106,VRU_Adult_Using_Non-Motorized_Device/Prop_Other,10.469778060913086,1.322812557220459,-0.4133462905883789,1.3018324375152588,-3.8126797676086426,1.854084014892578,312.8519592285156
1706225089.976303,VRU_Adult,6.785848617553711,1.2229368686676023,-16.736764907836914,1.1509391069412231,-3.223780393600464,1.9425721168518064,21.570281982421875
1706225089.976303,VRU_Adult_Using_Non-Motorized_Device/Prop_Other,10.460996627807615,1.3236438035964966,-0.4466700255870819,1.302119255065918,-3.813460290431976,1.855022549629212,312.8148498535156
1706225090.076496,VRU_Adult,6.784292697906494,1.241319179534912,-16.7493953704834,1.1701353788375854,-3.199503898620605,1.9679489135742188,19.71884155273437
1706225090.076496,VRU_Adult_Using_Non-Motorized_Device/Prop_Other,10.470266342163086,1.3252702951431274,-0.4422213733196258,1.3037071228027344,-3.82373559474945,1.8554022312164309,312.98681640625
1706225090.17671,VRU_Adult,6.778510093688965,1.2379430532455444,-16.757421493530273,1.165355563163757,-3.149636030197144,2.0225558280944824,21.118560791015625
1706225090.17671,VRU_Adult_Using_Non-Motorized_Device/Prop_Other,10.4688720703125,1.3230360746383667,-0.4080575108528137,1.3015202283859253,-3.810183584690094,1.853734850883484,312.99169921875
1706225090.276891,VRU_Adult,28.303163528442383,0.8310615420341492,-21.99716758728028,0.8941879272460938,-3.189727187156677,1.7819654941558838,335.7434997558594
1706225090.276891,VRU_Adult_Using_Non-Motorized_Device/Prop_Other,10.438735008239746,1.321085810661316,-0.4782888889312744,1.299468755722046,-3.8059958815574646,1.851833462715149,313.2696228027344
1706225090.377086,VRU_Adult,28.37623405456543,0.9175830483436584,-22.002416610717773,1.1374363899230957,-3.266710877418518,2.172076940536499,311.8032531738281
1706225090.377086,VRU_Adult_Using_Non-Motorized_Device/Prop_Other,10.475881576538086,1.3253910541534424,-0.4222663640975952,1.304803729057312,-3.8240561485290527,1.856368064880371,313.8971252441406
1706225090.477284,VRU_Adult,6.790727138519287,1.228183627128601,-16.754703521728516,1.1597466468811035,-3.1961324214935303,1.961631298065185,21.982452392578125
1706225090.477284,VRU_Adult_Using_Non-Motorized_Device/Prop_Other,10.441965103149414,1.3247843980789185,-0.4986975193023681,1.3037099838256836,-3.822702765464783,1.855264902114868,312.68536376953125
1706225090.57748,VRU_Adult,6.77869176864624,1.224323034286499,-16.760921478271484,1.1573246717453003,-3.164419412612915,2.013722896575928,18.8172607421875
1706225090.57748,VRU_Adult_Using_Non-Motorized_Device/Prop_Other,10.45944118499756,1.3226155042648315,-0.4268200397491455,1.302052617073059,-3.8134864568710327,1.8546984195709229,312.6030578613281
1706225090.677681,VRU_Adult,6.771772384643555,1.2319531440734863,-16.75263023376465,1.169379949569702,-3.143878936767578,2.024064064025879,21.23297119140625
1706225090.677681,VRU_Adult_Using_Non-Motorized_Device/Prop_Other,10.457262992858888,1.324636459350586,-0.4533475339412689,1.303230047225952,-3.815306603908539,1.856289982795716,312.90380859375
1706225090.777878,VRU_Adult,6.789838790893555,1.233486294746399,-16.768421173095703,1.162656307220459,-3.194518625736237,1.960659861564636,20.4715576171875
1706225090.777878,VRU_Adult_Using_Non-Motorized_Device/Prop_Other,10.458157539367676,1.3236565589904783,-0.4380663335323334,1.3022230863571167,-3.8146355748176575,1.855470061302185,313.0968017578125
1706225090.87807,VRU_Adult,6.782873153686523,1.2359449863433838,-16.760190963745117,1.1636154651641846,-3.170979678630829,1.9891105890274048,19.26409912109375
1706225090.87807,VRU_Adult_Using_Non-Motorized_Device/Prop_Other,10.460142135620115,1.3230992555618286,-0.4384415745735168,1.3019500970840454,-3.816055178642273,1.8556568622589111,313.0351257324219
1706225090.978266,VRU_Adult,6.777215957641602,1.2371399402618408,-16.740999221801758,1.1770551204681396,-3.14391565322876,2.028581619262696,20.35888671875
1706225090.978266,VRU_Adult_Using_Non-Motorized_Device/Prop_Other,10.404045104980469,1.3237322568893433,-0.4940926134586334,1.301805019378662,-3.815624415874481,1.855690598487854,312.9569396972656
1706225091.078467,VRU_Adult,6.777221202850342,1.2234753370285034,-16.759273529052734,1.1603326797485352,-3.1558430194854736,2.009829044342041,20.038482666015625
1706225091.078467,VRU_Adult_Using_Non-Motorized_Device/Prop_Other,10.433512687683104,1.3240565061569214,-0.472743958234787,1.3015109300613403,-3.813795626163482,1.8556526899337769,313.032470703125
1706225091.178662,VRU_Adult,6.78312873840332,1.2366666793823242,-16.767520904541016,1.1692993640899658,-3.1446373462677,2.024016857147217,19.785797119140625
1706225091.178662,VRU_Adult_Using_Non-Motorized_Device/Prop_Other,10.418935775756836,1.3234670162200928,-0.5126273036003113,1.3027293682098389,-3.816057801246643,1.856327772140503,312.8405456542969
1706225091.278858,VRU_Adult,6.7960052490234375,1.234283685684204,-16.7425594329834,1.1655250787734983,-3.181942522525788,1.981457591056824,18.881805419921875
1706225091.278858,VRU_Adult_Using_Non-Motorized_Device/Prop_Other,10.44060230255127,1.3221858739852903,-0.4516697525978088,1.3014498949050903,-3.812699794769287,1.854248046875,312.3478088378906
1706225091.379051,VRU_Adult,28.67732810974121,0.936486542224884,-21.99319648742676,1.1730434894561768,-3.282987356185913,2.2048306465148926,315.3842163085937
1706225091.379051,VRU_Adult_Using_Non-Motorized_Device/Prop_Other,10.412886619567873,1.3218955993652344,-0.5158859491348267,1.3009008169174194,-3.811653971672058,1.8539745807647705,312.5438232421875
1706225091.479251,VRU_Adult,6.7893500328063965,1.229061722755432,-16.763778686523438,1.1563642024993896,-3.201960861682892,1.948548674583435,19.42462158203125
1706225091.479251,VRU_Adult_Using_Non-Motorized_Device/Prop_Other,10.444817543029783,1.3233925104141235,-0.4809277951717376,1.3024539947509766,-3.819262862205506,1.8535959720611568,312.9167785644531
1706225091.579469,VRU_Adult,6.770456314086914,1.2266541719436646,-16.73993492126465,1.158479928970337,-3.215723156929016,1.9448182582855225,20.791534423828125
1706225091.579469,VRU_Adult_Using_Non-Motorized_Device/Prop_Other,10.479808807373049,1.3220950365066528,-0.3844270408153534,1.3005181550979614,-3.809398114681244,1.8534623384475708,313.8478698730469
1706225091.679641,VRU_Adult,6.77902889251709,1.2360904216766355,-16.766048431396484,1.1683320999145508,-3.145763754844665,2.0277178287506104,20.513458251953125
1706225091.679641,VRU_Adult_Using_Non-Motorized_Device/Prop_Other,10.473387718200684,1.322698950767517,-0.41648930311203,1.301488757133484,-3.81214851140976,1.8539658784866333,312.90216064453125
1706225091.779838,VRU_Adult,6.787352085113525,1.2178936004638672,-16.751052856445312,1.14967679977417,-3.190680742263794,1.975297451019287,18.79022216796875
1706225091.779838,VRU_Adult_Using_Non-Motorized_Device/Prop_Other,10.417007446289062,1.3235102891921997,-0.4857425689697265,1.302516222000122,-3.816300392150879,1.8559799194335933,312.6366271972656
1706225091.880036,VRU_Adult,28.654354095458984,0.9239490032196044,-22.020158767700195,1.148353934288025,-3.260993480682373,2.172738075256348,312.5201110839844
1706225091.880036,VRU_Adult_Using_Non-Motorized_Device/Prop_Other,10.471001625061035,1.3230602741241455,-0.4604359269142151,1.3011715412139893,-3.810715615749359,1.854684948921204,314.13006591796875
1706225091.980239,VRU_Adult,6.803695201873779,1.240287184715271,-16.760787963867188,1.1627168655395508,-3.1985753774642944,1.965662240982056,19.66949462890625
1706225091.980239,VRU_Adult_Using_Non-Motorized_Device/Prop_Other,10.445199012756348,1.3225053548812866,-0.4669995307922363,1.301852464675903,-3.8115234375,1.854175567626953,312.8522644042969
1706225092.080428,VRU_Adult,6.780721664428711,1.2363932132720947,-16.761198043823242,1.1667566299438477,-3.191442847251892,1.977402925491333,21.220184326171875
1706225092.080428,VRU_Adult_Using_Non-Motorized_Device/Prop_Other,10.500655174255373,1.3223503828048706,-0.3863972425460815,1.3027560710906982,-3.81043016910553,1.8550269603729248,313.5825500488281
1706225092.180625,VRU_Adult,6.788297176361084,1.2198127508163452,-16.750905990600586,1.151478886604309,-3.2021650671958923,1.9640132188797,20.50830078125
1706225092.180625,VRU_Adult_Using_Non-Motorized_Device/Prop_Other,10.469786643981934,1.323417067527771,-0.4257169961929321,1.3028818368911743,-3.813498616218567,1.855074644088745,312.763916015625
1706225092.28082,VRU_Adult,6.792364120483398,1.24348247051239,-16.762590408325195,1.1735796928405762,-3.1809275150299072,1.986091136932373,18.858551025390625
1706225092.28082,VRU_Adult_Using_Non-Motorized_Device/Prop_Other,10.443899154663086,1.3232812881469729,-0.4589173793792724,1.3017044067382812,-3.8133723735809326,1.8548645973205569,312.9102783203125
1706225092.381019,VRU_Adult,6.772860050201416,1.219382882118225,-16.760101318359375,1.1541258096694946,-3.16207218170166,2.0005645751953125,21.3531494140625
1706225092.381019,VRU_Adult_Using_Non-Motorized_Device/Prop_Other,10.520637512207031,1.3217731714248655,-0.3273389339447021,1.3010016679763794,-3.808518588542938,1.8539081811904907,313.3634338378906
1706225092.481216,VRU_Adult,6.805872917175293,1.239877462387085,-16.756240844726562,1.162139892578125,-3.1570727825164795,2.013317584991455,18.4056396484375
1706225092.481216,VRU_Adult_Using_Non-Motorized_Device/Prop_Other,10.468438148498535,1.3226929903030396,-0.4391379058361053,1.301963448524475,-3.81280928850174,1.8542617559432983,312.4453125
1706225092.58141,VRU_Adult,6.77196741104126,1.2256438732147217,-16.761056900024414,1.1643284559249878,-3.1584872007369995,2.015321016311645,22.40267944335937
1706225092.58141,VRU_Adult_Using_Non-Motorized_Device/Prop_Other,10.4917573928833,1.322846293449402,-0.395678162574768,1.302248477935791,-3.811371147632599,1.855290770530701,312.9299011230469
1706225092.681607,VRU_Adult,6.781741142272949,1.2197165489196775,-16.766393661499023,1.1534309387207031,-3.200016915798188,1.9600783586502075,18.522613525390625
1706225092.681607,VRU_Adult_Using_Non-Motorized_Device/Prop_Other,10.483062744140623,1.322347640991211,-0.4205313920974731,1.301606059074402,-3.813017249107361,1.853978395462036,312.86004638671875
1706225092.781804,VRU_Adult,28.721895217895508,0.9213761687278748,-21.95135307312012,1.1192631721496582,-3.272345185279846,2.132161855697632,313.4444274902344
1706225092.781804,VRU_Adult_Using_Non-Motorized_Device/Prop_Other,10.460933685302734,1.322229266166687,-0.4266904592514038,1.3015376329421997,-3.811243712902069,1.8533788919448853,312.41387939453125
1706225092.882004,VRU_Adult,6.767436981201172,1.235778570175171,-16.7659969329834,1.1739351749420166,-3.155377984046936,2.019613981246948,21.13925170898437
1706225092.882004,VRU_Adult_Using_Non-Motorized_Device/Prop_Other,10.476885795593262,1.3250319957733154,-0.4439872503280639,1.303170919418335,-3.8154610991477966,1.856496930122376,313.512939453125
1706225092.982196,VRU_Adult,6.782454490661621,1.2242447137832642,-16.774253845214844,1.1634798049926758,-3.167324900627136,2.0002472400665283,20.217437744140625
1706225092.982196,VRU_Adult_Using_Non-Motorized_Device/Prop_Other,10.521336555480955,1.3227393627166748,-0.3387802839279175,1.301533818244934,-3.8107544779777527,1.8554149866104128,313.3110656738281
1706225093.082392,VRU_Adult,6.796041011810303,1.2388439178466797,-16.74463653564453,1.1768344640731812,-3.1722521781921387,1.9963321685791016,19.19989013671875
1706225093.082392,VRU_Adult_Using_Non-Motorized_Device/Prop_Other,10.441335678100586,1.3219995498657229,-0.4697101414203644,1.3004660606384275,-3.809559643268585,1.8532947301864624,312.4383544921875
1706225093.182589,VRU_Adult,28.718170166015625,0.9257941246032716,-21.97100067138672,1.1497697830200195,-3.2522335052490234,2.172696113586426,314.9407958984375
1706225093.182589,VRU_Adult_Using_Non-Motorized_Device/Prop_Other,10.46585464477539,1.322898507118225,-0.4228587448596954,1.3013198375701904,-3.810382068157196,1.853575348854065,312.75177001953125
1706225093.282799,VRU_Adult,6.779151916503906,1.2224892377853394,-16.784839630126953,1.1544973850250244,-3.163353443145752,2.011660575866699,19.37603759765625
1706225093.282799,VRU_Adult_Using_Non-Motorized_Device/Prop_Other,10.476411819458008,1.3240264654159546,-0.4150839745998382,1.3027563095092771,-3.8200681805610657,1.8541415929794312,313.0692749023437
1706225093.382994,VRU_Adult,6.779008388519287,1.2400236129760742,-16.76746940612793,1.1666297912597656,-3.193441390991211,1.9613265991210933,21.916778564453125
1706225093.382994,VRU_Adult_Using_Non-Motorized_Device/Prop_Other,10.411396026611328,1.3234069347381592,-0.5217218995094299,1.2998661994934082,-3.814490735530853,1.855092167854309,313.06695556640625
1706225093.483178,VRU_Adult,6.782558917999268,1.2174099683761597,-16.767194747924805,1.152359127998352,-3.1690070033073425,1.995935082435608,20.836700439453125
1706225093.483178,VRU_Adult_Using_Non-Motorized_Device/Prop_Other,10.460981369018556,1.3229246139526367,-0.4617039561271667,1.301269769668579,-3.816751718521118,1.8526701927185056,313.0053405761719
1706225093.58338,VRU_Adult,6.778839111328125,1.242578625679016,-16.755964279174805,1.169459342956543,-3.1953688263893127,1.9662054777145384,21.556121826171875
1706225093.58338,VRU_Adult_Using_Non-Motorized_Device/Prop_Other,10.449069023132324,1.3249969482421875,-0.4825049936771393,1.3024802207946775,-3.823097884654999,1.855828881263733,312.6750793457031
1706225093.683572,VRU_Adult,6.782114505767822,1.2296911478042605,-16.759817123413086,1.1588776111602783,-3.214448869228363,1.9479399919509888,19.350799560546875
1706225093.683572,VRU_Adult_Using_Non-Motorized_Device/Prop_Other,10.5144624710083,1.321662425994873,-0.3406677842140198,1.3015121221542358,-3.807834506034851,1.853384256362915,313.0729064941406
1706225093.783772,VRU_Adult,28.731201171875,0.9215218424797058,-21.927215576171875,1.1345946788787842,-3.268132448196411,2.1422810554504395,295.6765441894531
1706225093.783772,VRU_Adult_Using_Non-Motorized_Device/Prop_Other,10.45274829864502,1.322808027267456,-0.4685001373291015,1.300505757331848,-3.809992372989655,1.853676676750183,313.2763977050781
1706225093.883961,VRU_Adult,6.783497333526611,1.2380443811416626,-16.74390983581543,1.1717702150344849,-3.18363493680954,1.980806946754456,20.000274658203125
1706225093.883961,VRU_Adult_Using_Non-Motorized_Device/Prop_Other,10.422198295593262,1.323590874671936,-0.5090056657791138,1.3011078834533691,-3.815244674682617,1.85549545288086,313.0283508300781
1706225093.984165,VRU_Adult,28.70481300354004,0.9267597794532776,-21.91963005065918,1.1517807245254517,-3.268033981323242,2.164579391479492,308.6963806152344
1706225093.984165,VRU_Adult_Using_Non-Motorized_Device/Prop_Other,10.45945644378662,1.3227320909500122,-0.4369413256645202,1.3007880449295044,-3.8087891340255737,1.8531458377838133,313.01666259765625
1706225094.084352,VRU_Adult,6.789079666137695,1.237813949584961,-16.74976921081543,1.1722766160964966,-3.1632399559021,1.998190879821777,19.3394775390625
1706225094.084352,VRU_Adult_Using_Non-Motorized_Device/Prop_Other,10.418703079223633,1.3226381540298462,-0.4789687991142273,1.301299810409546,-3.813218414783478,1.854483962059021,312.6121520996094
1706225094.184553,VRU_Adult,6.773687362670898,1.228585958480835,-16.762304306030273,1.1676688194274902,-3.1466424465179443,2.0263733863830566,21.403594970703125
1706225094.184553,VRU_Adult_Using_Non-Motorized_Device/Prop_Other,10.45877456665039,1.3243792057037354,-0.4141700863838196,1.302837610244751,-3.81561815738678,1.8558614253997805,312.8178100585937
1706225094.28475,VRU_Adult,28.72066879272461,0.9259226322174072,-21.8938045501709,1.1509383916854858,-3.2572087049484253,2.158081293106079,306.9908142089844
1706225094.28475,VRU_Adult_Using_Non-Motorized_Device/Prop_Other,10.47035312652588,1.323151469230652,-0.4444245994091034,1.3019171953201294,-3.8174619674682617,1.8528919219970703,312.8300476074219
1706225094.384942,VRU_Adult,28.743797302246094,0.9290106892585754,-21.93152618408203,1.1589608192443848,-3.2580326795578003,2.172602891921997,316.2245788574219
1706225094.384942,VRU_Adult_Using_Non-Motorized_Device/Prop_Other,10.443920135498049,1.3219499588012695,-0.4661530256271362,1.3014651536941528,-3.8111982941627502,1.8536080121994016,312.365234375
1706225094.485141,VRU_Adult,28.71417999267578,0.9321520328521729,-21.930519104003903,1.1655598878860474,-3.2719881534576416,2.1886324882507324,314.5899353027344
1706225094.485141,VRU_Adult_Using_Non-Motorized_Device/Prop_Other,10.474737167358398,1.322875738143921,-0.4284685552120209,1.300852656364441,-3.8092117309570312,1.8533353805541992,312.9715270996094
1706225094.58534,VRU_Adult,28.72633934020996,0.9192650318145752,-21.932172775268555,1.1181867122650146,-3.258963465690613,2.129258394241333,316.6264343261719
1706225094.58534,VRU_Adult_Using_Non-Motorized_Device/Prop_Other,10.472679138183594,1.323078751564026,-0.395477294921875,1.30169415473938,-3.811306059360504,1.853880763053894,312.9584045410156
1706225094.685535,VRU_Adult,6.792391777038574,1.244044303894043,-16.75520896911621,1.1773024797439575,-3.1441586017608643,2.022399425506592,19.7135009765625
1706225094.685535,VRU_Adult_Using_Non-Motorized_Device/Prop_Other,10.451227188110352,1.3229880332946775,-0.459286630153656,1.3023494482040403,-3.8141297698020935,1.8549319505691528,312.48590087890625
1706225094.78573,VRU_Adult,28.77531814575196,0.9115368127822876,-21.89914894104004,1.1247892379760742,-3.2342602014541626,2.1183021068573,299.9389038085937
1706225094.78573,VRU_Adult_Using_Non-Motorized_Device/Prop_Other,10.46309757232666,1.3232507705688477,-0.4073171019554138,1.3014949560165403,-3.8125661611557007,1.8545000553131104,313.0971069335937
1706225094.885926,VRU_Adult,6.785691261291504,1.2223912477493286,-16.781692504882812,1.159300684928894,-3.1557743549346924,2.017449855804444,20.5718994140625
1706225094.885926,VRU_Adult_Using_Non-Motorized_Device/Prop_Other,10.488128662109377,1.321666598320007,-0.3856254816055298,1.301205277442932,-3.808411002159119,1.8537638187408447,314.14483642578125
1706225094.986123,VRU_Adult,28.741918563842773,0.9266341328620912,-21.94153594970703,1.1462006568908691,-3.267309784889221,2.161914587020874,304.3625183105469
1706225094.986123,VRU_Adult_Using_Non-Motorized_Device/Prop_Other,10.529670715332031,1.32204270362854,-0.2941070795059204,1.3017325401306152,-3.8079466223716736,1.85513699054718,314.5381164550781
1706225095.08632,VRU_Adult,28.72983169555664,0.9168938398361206,-21.89475440979004,1.1348329782485962,-3.25290310382843,2.128516912460327,294.55584716796875
1706225095.08632,VRU_Adult_Using_Non-Motorized_Device/Prop_Other,10.458477973937988,1.3239610195159912,-0.457327127456665,1.3026399612426758,-3.820618212223053,1.85421359539032,312.8868103027344
1706225095.18652,VRU_Adult,28.68340492248535,0.9287602305412292,-21.93268203735352,1.15972900390625,-3.257439374923706,2.17832899093628,319.4149780273437
1706225095.18652,VRU_Adult_Using_Non-Motorized_Device/Prop_Other,10.496066093444824,1.3215306997299194,-0.3805128931999206,1.300614595413208,-3.807715117931366,1.8532835245132449,314.0691833496094
1706225095.286714,VRU_Adult,6.780272960662842,1.2427303791046145,-16.74228858947754,1.1772267818450928,-3.191008508205414,1.9710246324539185,20.096588134765625
1706225095.286714,VRU_Adult_Using_Non-Motorized_Device/Prop_Other,10.44508934020996,1.3245058059692385,-0.4658462405204773,1.3033630847930908,-3.8178869485855103,1.856778860092163,313.31103515625
1706225095.38691,VRU_Adult,6.7943196296691895,1.229989767074585,-16.77098274230957,1.1642162799835205,-3.180360794067383,1.9736194610595703,19.0523681640625
1706225095.38691,VRU_Adult_Using_Non-Motorized_Device/Prop_Other,10.474315643310549,1.324896216392517,-0.4165307879447937,1.303661823272705,-3.818136155605316,1.856742024421692,313.30816650390625
1706225095.487114,VRU_Adult,28.702451705932617,0.9311285614967346,-21.935380935668945,1.1593735218048096,-3.272528648376465,2.1811418533325195,312.8266296386719
1706225095.487114,VRU_Adult_Using_Non-Motorized_Device/Prop_Other,10.466859817504885,1.323600172996521,-0.4286772310733795,1.302303910255432,-3.8131001591682434,1.854874968528748,312.94903564453125
1706225095.58731,VRU_Adult,6.777879238128662,1.228743553161621,-16.74476432800293,1.1591110229492188,-3.214145541191101,1.9596045017242432,20.030670166015625
1706225095.58731,VRU_Adult_Using_Non-Motorized_Device/Prop_Other,10.46588134765625,1.3242205381393433,-0.4120565950870514,1.3029108047485352,-3.815044522285461,1.8556945323944087,313.11676025390625
1706225095.687508,VRU_Adult,6.7857346534729,1.2347356081008911,-16.750802993774414,1.1684637069702148,-3.1738622784614563,1.989152312278748,20.78253173828125
1706225095.687508,VRU_Adult_Using_Non-Motorized_Device/Prop_Other,10.402318954467772,1.3233166933059692,-0.5000684261322021,1.3008023500442505,-3.814746975898743,1.8552167415618896,312.55517578125
1706225095.787694,VRU_Adult,6.792543411254883,1.232921123504639,-16.74525260925293,1.1646764278411863,-3.1913978457450867,1.972012162208557,20.104400634765625
1706225095.787694,VRU_Adult_Using_Non-Motorized_Device/Prop_Other,10.476828575134276,1.3237645626068115,-0.4315908253192901,1.3025704622268677,-3.819979250431061,1.853709101676941,312.7735900878906
1706225095.887902,VRU_Adult,28.702617645263672,0.9224063754081726,-21.92429542541504,1.1329317092895508,-3.253356456756592,2.135247230529785,299.63092041015625
1706225095.887902,VRU_Adult_Using_Non-Motorized_Device/Prop_Other,10.4715576171875,1.322975516319275,-0.4222785234451294,1.3011813163757324,-3.810587227344513,1.8535531759262085,313.1109924316406
1706225095.988089,VRU_Adult,6.778461456298828,1.2292938232421875,-16.748106002807617,1.1682190895080566,-3.176229536533356,1.9934996366500848,20.4007568359375
1706225095.988089,VRU_Adult_Using_Non-Motorized_Device/Prop_Other,10.478167533874512,1.324075698852539,-0.4046443104743957,1.3034449815750122,-3.817329287528992,1.8561546802520752,312.8190002441406
1706225096.088286,VRU_Adult,6.762243747711182,1.2223141193389893,-16.763107299804688,1.1664903163909912,-3.16953182220459,2.001535415649414,20.62847900390625
1706225096.088286,VRU_Adult_Using_Non-Motorized_Device/Prop_Other,10.518091201782228,1.3231297731399536,-0.3497618734836578,1.3021334409713743,-3.8118607997894287,1.85545015335083,313.0539245605469
1706225096.18848,VRU_Adult,6.805125236511231,1.2319648265838623,-16.755508422851562,1.151708483695984,-3.2081804871559143,1.9541062116622925,18.97640991210937
1706225096.18848,VRU_Adult_Using_Non-Motorized_Device/Prop_Other,10.449203491210938,1.3238481283187866,-0.4650678336620331,1.3025821447372437,-3.815061390399933,1.8555997610092163,312.6396179199219
1706225096.288676,VRU_Adult,6.785090923309326,1.2208269834518433,-16.75548553466797,1.1531184911727903,-3.208842396736145,1.959435224533081,20.31552124023437
1706225096.288676,VRU_Adult_Using_Non-Motorized_Device/Prop_Other,10.44323444366455,1.324005961418152,-0.4973213672637939,1.302083969116211,-3.819914042949677,1.8544107675552368,313.1533203125
1706225096.388879,VRU_Adult,6.782867908477783,1.2260971069335938,-16.76851463317871,1.1602610349655151,-3.1460301876068115,2.0212502479553223,20.719879150390625
1706225096.388879,VRU_Adult_Using_Non-Motorized_Device/Prop_Other,10.484813690185549,1.3243671655654907,-0.4209398329257965,1.3028247356414795,-3.814752221107483,1.8559110164642327,313.112548828125
1706225096.489069,VRU_Adult,6.77168083190918,1.2478585243225098,-16.75980567932129,1.1824325323104858,-3.1528897285461426,2.024943351745605,21.612335205078125
1706225096.489069,VRU_Adult_Using_Non-Motorized_Device/Prop_Other,10.429527282714844,1.3236833810806274,-0.4799940288066864,1.3002681732177734,-3.814881443977356,1.855786085128784,313.3280639648437
1706225096.589267,VRU_Adult,6.794002056121826,1.244685173034668,-16.759313583374023,1.1755800247192385,-3.1600998640060425,2.005654573440552,18.977081298828125
1706225096.589267,VRU_Adult_Using_Non-Motorized_Device/Prop_Other,10.428118705749512,1.3224575519561768,-0.4801002144813537,1.3014771938323977,-3.811241745948792,1.853966474533081,312.6522216796875
1706225096.689464,VRU_Adult,6.786518096923828,1.233938217163086,-16.764799118041992,1.1645450592041016,-3.1776949763298035,1.98566210269928,21.4100341796875
1706225096.689464,VRU_Adult_Using_Non-Motorized_Device/Prop_Other,10.450833320617676,1.323033094406128,-0.464237779378891,1.3006198406219482,-3.809805989265442,1.8536717891693115,313.460693359375
1706225096.78966,VRU_Adult,6.789228916168213,1.2232965230941772,-16.73555564880371,1.1537795066833496,-3.2215381264686584,1.930261492729187,19.673095703125
1706225096.78966,VRU_Adult_Using_Non-Motorized_Device/Prop_Other,10.481328964233398,1.3235938549041748,-0.4091357886791229,1.3016167879104614,-3.814431130886078,1.854969143867493,313.46832275390625
1706225096.889869,VRU_Adult,6.794499397277832,1.240082621574402,-16.750028610229492,1.1637389659881592,-3.20442008972168,1.9566059112548828,20.249176025390625
1706225096.889869,VRU_Adult_Using_Non-Motorized_Device/Prop_Other,10.477362632751465,1.3245949745178225,-0.4282122254371643,1.303776502609253,-3.81835687160492,1.8569843769073489,313.2673034667969
1706225096.990052,VRU_Adult,6.7738237380981445,1.2293128967285156,-16.779382705688477,1.1698822975158691,-3.1533924341201782,2.0211598873138428,21.30258178710937
1706225096.990052,VRU_Adult_Using_Non-Motorized_Device/Prop_Other,10.439908027648926,1.323530197143555,-0.5019361972808838,1.3009403944015503,-3.818740963935852,1.854027509689331,313.0773620605469
1706225097.090249,VRU_Adult,6.776435375213623,1.2377458810806274,-16.76259422302246,1.1736103296279907,-3.1354671716690063,2.032759428024292,20.76922607421875
1706225097.090249,VRU_Adult_Using_Non-Motorized_Device/Prop_Other,10.463936805725098,1.3218584060668943,-0.4604880213737488,1.3007729053497314,-3.81096613407135,1.8532702922821045,312.40643310546875
1706225097.190445,VRU_Adult,6.786413669586182,1.2234938144683838,-16.764528274536133,1.147596836090088,-3.164927899837494,1.9954005479812624,17.266571044921875
1706225097.190445,VRU_Adult_Using_Non-Motorized_Device/Prop_Other,10.460232734680176,1.3244562149047852,-0.4175653457641601,1.3031563758850098,-3.8142908811569214,1.855724573135376,312.7852783203125
1706225097.29064,VRU_Adult,6.782020568847656,1.235711932182312,-16.775192260742188,1.1711736917495728,-3.1676259636878967,1.98982322216034,20.730255126953125
1706225097.29064,VRU_Adult_Using_Non-Motorized_Device/Prop_Other,10.456851959228516,1.3227471113204956,-0.4555423557758331,1.3010624647140503,-3.816780209541321,1.852929830551148,313.0809631347656
1706225097.390839,VRU_Adult,6.759937763214111,1.2387832403182983,-16.760347366333008,1.1696418523788452,-3.1592910289764404,2.005953311920166,22.006561279296875
1706225097.390839,VRU_Adult_Using_Non-Motorized_Device/Prop_Other,10.474431991577148,1.3244694471359253,-0.4395851492881775,1.3028714656829834,-3.821858048439026,1.8549201488494875,313.0806884765625
1706225097.491033,VRU_Adult,6.790786266326904,1.2313992977142334,-16.756628036499023,1.1586968898773191,-3.177858710289001,1.9861671924591064,18.727325439453125
1706225097.491033,VRU_Adult_Using_Non-Motorized_Device/Prop_Other,10.461503982543944,1.3252887725830078,-0.4235177338123321,1.3035340309143066,-3.816485345363617,1.8566638231277464,312.4979858398437
1706225097.591231,VRU_Adult,6.7772417068481445,1.2252081632614136,-16.772615432739258,1.159433364868164,-3.17267107963562,1.9814000129699707,19.982330322265625
1706225097.591231,VRU_Adult_Using_Non-Motorized_Device/Prop_Other,10.455052375793455,1.3234015703201294,-0.4741053879261017,1.3024739027023315,-3.816007971763611,1.856099367141724,313.0899658203125
1706225097.691432,VRU_Adult,6.777052879333496,1.2274383306503296,-16.751996994018555,1.1576261520385742,-3.146500825881958,2.0144333839416504,19.96371459960937
1706225097.691432,VRU_Adult_Using_Non-Motorized_Device/Prop_Other,10.46660614013672,1.322900891304016,-0.3842954337596893,1.3015021085739136,-3.811518907546997,1.8538556098937988,312.7323303222656
1706225097.791632,VRU_Adult,6.793329238891602,1.2252020835876465,-16.755830764770508,1.155566930770874,-3.1783692836761475,1.9729866981506348,19.73651123046875
1706225097.791632,VRU_Adult_Using_Non-Motorized_Device/Prop_Other,10.427948951721191,1.3226112127304075,-0.4924629330635071,1.3023957014083862,-3.813755989074707,1.8551645278930664,312.58544921875
1706225097.891823,VRU_Adult,6.770888805389404,1.2410924434661863,-16.753026962280273,1.1676524877548218,-3.152774810791016,2.022951126098633,21.656646728515625
1706225097.891823,VRU_Adult_Using_Non-Motorized_Device/Prop_Other,10.459189414978027,1.322428584098816,-0.387329638004303,1.3009787797927856,-3.810850143432617,1.8533954620361328,312.3351745605469
1706225097.992031,VRU_Adult,6.803931713104248,1.2306373119354248,-16.760997772216797,1.1570827960968018,-3.1876027584075928,1.977356433868408,18.640899658203125
1706225097.992031,VRU_Adult_Using_Non-Motorized_Device/Prop_Other,10.417911529541016,1.3233282566070557,-0.4991900324821472,1.3016889095306396,-3.8153138756752014,1.855541110038757,312.196044921875
1706225098.092214,VRU_Adult,6.766295909881592,1.2288880348205566,-16.76120948791504,1.1706784963607788,-3.141000986099243,2.0276541709899902,21.2764892578125
1706225098.092214,VRU_Adult_Using_Non-Motorized_Device/Prop_Other,10.431937217712402,1.3210351467132568,-0.4932290017604828,1.2994434833526611,-3.8080140352249146,1.8523271083831787,312.4680480957031
1706225098.192409,VRU_Adult,6.768973350524902,1.2160778045654297,-16.75992202758789,1.1522846221923828,-3.1722675561904907,1.9886014461517327,19.220489501953125
1706225098.192409,VRU_Adult_Using_Non-Motorized_Device/Prop_Other,10.463345527648926,1.32370126247406,-0.436352014541626,1.302559494972229,-3.819676339626312,1.853723645210266,313.1625061035156
1706225098.292605,VRU_Adult,6.782527446746826,1.2382352352142334,-16.772531509399414,1.171052098274231,-3.16376394033432,1.985097050666809,20.858917236328125
1706225098.292605,VRU_Adult_Using_Non-Motorized_Device/Prop_Other,10.269814491271973,1.323968768119812,-0.7528988122940063,1.3048609495162964,-3.808077275753021,1.853155255317688,305.64483642578125
1706225098.392803,VRU_Adult,6.771080493927002,1.2252978086471558,-16.766332626342773,1.1581379175186155,-3.211645483970642,1.951808214187622,19.5120849609375
1706225098.392803,VRU_Adult_Using_Non-Motorized_Device/Prop_Other,10.458508491516112,1.3245700597763062,-0.4631972908973694,1.302587628364563,-3.8214173913002014,1.8547371625900269,312.8396911621094
1706225098.492998,VRU_Adult,6.777435779571533,1.2351802587509155,-16.75868034362793,1.1693177223205566,-3.148588061332702,2.023209810256958,19.78759765625
1706225098.492998,VRU_Adult_Using_Non-Motorized_Device/Prop_Other,10.437004089355469,1.3228572607040403,-0.4999736249446869,1.2992984056472778,-3.810934960842133,1.8539210557937624,313.05548095703125
1706225098.593197,VRU_Adult,6.773962497711182,1.2302886247634888,-16.76030731201172,1.160984992980957,-3.184775471687317,1.9906365871429443,20.3472900390625
1706225098.593197,VRU_Adult_Using_Non-Motorized_Device/Prop_Other,10.467240333557127,1.323991060256958,-0.4095236659049988,1.3021366596221924,-3.814338386058808,1.8553272485733032,312.5900573730469
1706225098.693408,VRU_Adult,6.769715785980225,1.221235990524292,-16.78240394592285,1.1528127193450928,-3.164129734039306,2.001347541809082,19.05072021484375
1706225098.693408,VRU_Adult_Using_Non-Motorized_Device/Prop_Other,10.489644050598145,1.32215678691864,-0.3921489715576172,1.3015938997268677,-3.809183835983277,1.8542084693908687,312.972900390625
1706225098.793598,VRU_Adult,6.788405418395996,1.2166223526000977,-16.760608673095703,1.1483733654022217,-3.195809841156006,1.9596023559570312,18.5296630859375
1706225098.793598,VRU_Adult_Using_Non-Motorized_Device/Prop_Other,10.50992202758789,1.322346806526184,-0.3498551845550537,1.301383137702942,-3.809472799301148,1.85436487197876,313.6924133300781
1706225098.893785,VRU_Adult,6.770092487335205,1.2286086082458496,-16.751235961914062,1.1621867418289185,-3.1659979224205017,1.991287350654602,20.807769775390625
1706225098.893785,VRU_Adult_Using_Non-Motorized_Device/Prop_Other,10.504351615905762,1.3236103057861328,-0.3722430467605591,1.302924633026123,-3.81343287229538,1.856445908546448,313.6240234375
1706225098.993985,VRU_Adult,6.796905040740967,1.24274480342865,-16.755544662475586,1.1567347049713137,-3.1871070861816406,1.9699554443359373,18.92327880859375
1706225098.993985,VRU_Adult_Using_Non-Motorized_Device/Prop_Other,10.419775009155272,1.3240375518798828,-0.4764013886451721,1.3033318519592283,-3.8169103860855103,1.8565242290496824,312.3993530273437
1706225099.09418,VRU_Adult,6.784331798553467,1.2225208282470703,-16.762102127075195,1.1591157913208008,-3.168845355510712,1.995355248451233,21.32928466796875
1706225099.09418,VRU_Adult_Using_Non-Motorized_Device/Prop_Other,10.470154762268066,1.3238914012908936,-0.4147779941558838,1.3025928735733032,-3.813202738761902,1.855282068252564,312.7640380859375
1706225099.194388,VRU_Adult,6.786098003387451,1.2379145622253418,-16.748706817626953,1.1688807010650637,-3.190110683441162,1.97174072265625,19.07080078125
1706225099.194388,VRU_Adult_Using_Non-Motorized_Device/Prop_Other,10.462471961975098,1.3228397369384766,-0.4622739851474762,1.3021197319030762,-3.814213514328003,1.855135440826416,312.6815795898437
1706225099.294571,VRU_Adult,6.777049541473389,1.2329912185668943,-16.765838623046875,1.167529821395874,-3.166832387447357,1.9960671663284304,19.83624267578125
1706225099.294571,VRU_Adult_Using_Non-Motorized_Device/Prop_Other,10.463260650634766,1.3250653743743896,-0.4827392995357513,1.3028000593185425,-3.818199932575226,1.8572019338607788,312.8578796386719
1706225099.394769,VRU_Adult,6.790171146392822,1.2204475402832031,-16.758098602294922,1.1518449783325195,-3.206524908542633,1.9399479627609253,19.76080322265625
1706225099.394769,VRU_Adult_Using_Non-Motorized_Device/Prop_Other,10.450067520141602,1.3250906467437744,-0.4542414546012878,1.3037426471710205,-3.822855770587921,1.8557056188583367,313.03228759765625
1706225099.494965,VRU_Adult,6.773694515228272,1.248055100440979,-16.75044822692871,1.1611695289611816,-3.170503318309784,1.997690796852112,21.9339599609375
1706225099.494965,VRU_Adult_Using_Non-Motorized_Device/Prop_Other,10.428306579589844,1.3221163749694824,-0.4939737915992737,1.2986644506454468,-3.808537185192108,1.85271418094635,312.8427124023437
1706225099.595164,VRU_Adult,6.787348747253418,1.2260631322860718,-16.768064498901367,1.161067008972168,-3.1933635473251343,1.9587881565094,20.1917724609375
1706225099.595164,VRU_Adult_Using_Non-Motorized_Device/Prop_Other,10.48353099822998,1.323935866355896,-0.4436289370059967,1.302509307861328,-3.8168652653694153,1.8560556173324585,312.71661376953125
1706225099.695358,VRU_Adult,6.796886920928955,1.235851168632507,-16.747543334960938,1.1589001417160034,-3.21209979057312,1.94755220413208,18.34375
1706225099.695358,VRU_Adult_Using_Non-Motorized_Device/Prop_Other,10.464512825012209,1.323952317237854,-0.4390004277229309,1.3029170036315918,-3.8151177763938895,1.8558188676834104,312.5340576171875
1706225099.795554,VRU_Adult,6.795797824859619,1.2314274311065674,-16.762571334838867,1.1542197465896606,-3.228291869163513,1.927388429641724,19.3995361328125
1706225099.795554,VRU_Adult_Using_Non-Motorized_Device/Prop_Other,10.279118537902832,1.3248276710510254,-0.7139520645141602,1.3056187629699707,-3.811744928359986,1.8551764488220213,306.12457275390625
1706225099.895751,VRU_Adult,6.7793803215026855,1.236560940742493,-16.764490127563477,1.1648657321929932,-3.1514089107513428,2.0188584327697754,21.50643920898437
1706225099.895751,VRU_Adult_Using_Non-Motorized_Device/Prop_Other,10.48194694519043,1.322721242904663,-0.3894729912281036,1.3012607097625732,-3.810088992118835,1.8536388874053955,313.66796875
1706225099.995951,VRU_Adult,6.7779083251953125,1.2296830415725708,-16.742923736572266,1.1605706214904783,-3.214088261127472,1.9494127035140991,20.538360595703125
1706225099.995951,VRU_Adult_Using_Non-Motorized_Device/Prop_Other,10.287379264831545,1.3239002227783203,-0.7165213227272034,1.3041871786117554,-3.808143317699432,1.8535934686660769,305.4137878417969
1706225100.096144,VRU_Adult,6.791717052459717,1.2334070205688477,-16.7535400390625,1.1627944707870483,-3.203612923622132,1.955705404281616,19.23226928710937
1706225100.096144,VRU_Adult_Using_Non-Motorized_Device/Prop_Other,10.298904418945312,1.3242377042770386,-0.7154211401939392,1.3054771423339844,-3.810115575790405,1.8538365364074707,305.5970458984375
1706225100.196343,VRU_Adult,6.780098915100098,1.2324345111846924,-16.765422821044922,1.165652632713318,-3.1796611547470093,1.969116449356079,20.566680908203125
1706225100.196343,VRU_Adult_Using_Non-Motorized_Device/Prop_Other,10.464077949523926,1.3244693279266355,-0.4410324394702911,1.303270697593689,-3.815524458885193,1.8561956882476809,313.2178649902344
1706225100.29654,VRU_Adult,6.776362419128418,1.2307370901107788,-16.762062072753906,1.1632606983184814,-3.1845314502716064,1.9811530113220213,20.755401611328125
1706225100.29654,VRU_Adult_Using_Non-Motorized_Device/Prop_Other,10.416937828063965,1.3252309560775757,-0.5143474340438843,1.302163004875183,-3.8192646503448486,1.8574519157409668,312.4442749023437
1706225100.396734,VRU_Adult,6.779053211212158,1.2305777072906494,-16.74460220336914,1.161693453788757,-3.216878473758697,1.9523075819015503,20.855499267578125
1706225100.396734,VRU_Adult_Using_Non-Motorized_Device/Prop_Other,10.435832977294922,1.3237215280532837,-0.4922008812427521,1.3027578592300415,-3.815683901309967,1.856185793876648,312.603759765625
1706225100.496931,VRU_Adult,28.64455795288086,0.9254066348075868,-21.923019409179688,1.147733449935913,-3.254470944404602,2.160027265548706,311.6119384765625
1706225100.496931,VRU_Adult_Using_Non-Motorized_Device/Prop_Other,10.453117370605469,1.3235934972763062,-0.4829542338848114,1.3011784553527832,-3.813448905944824,1.8552665710449217,313.02740478515625
1706225100.597127,VRU_Adult,28.663042068481445,0.9218202233314514,-21.977373123168945,1.1635035276412964,-3.2647383213043213,2.1836562156677246,321.2998352050781
1706225100.597127,VRU_Adult_Using_Non-Motorized_Device/Prop_Other,10.45026397705078,1.322864294052124,-0.4651954472064972,1.3023319244384766,-3.815763831138611,1.8551151752471924,312.6684265136719
1706225100.697322,VRU_Adult,28.63777542114257,0.9228168725967408,-21.945762634277344,1.1505650281906128,-3.241707444190979,2.1643636226654053,320.5910339355469
1706225100.697322,VRU_Adult_Using_Non-Motorized_Device/Prop_Other,10.288958549499512,1.324268460273743,-0.7429256439208984,1.304779052734375,-3.809929609298706,1.8537201881408687,305.94610595703125
1706225100.79752,VRU_Adult,6.786375522613525,1.2362242937088013,-16.736154556274414,1.1654598712921145,-3.1920527815818787,1.9705687761306765,19.615936279296875
1706225100.79752,VRU_Adult_Using_Non-Motorized_Device/Prop_Other,10.449661254882812,1.3227654695510864,-0.4593260586261749,1.2996580600738523,-3.810410678386688,1.8535925149917605,312.695068359375
1706225100.897716,VRU_Adult,28.657676696777344,0.8985719084739685,-21.9752140045166,1.1335766315460205,-3.23594343662262,2.1390092372894287,298.4581298828125
1706225100.897716,VRU_Adult_Using_Non-Motorized_Device/Prop_Other,10.471399307250977,1.3241795301437378,-0.4452196359634399,1.303066968917847,-3.816901087760925,1.856415033340454,313.70050048828125
1706225100.997913,VRU_Adult,28.63072395324707,0.9223714470863342,-21.97820854187012,1.158535718917847,-3.243750214576721,2.176585912704468,319.6610717773437
1706225100.997913,VRU_Adult_Using_Non-Motorized_Device/Prop_Other,10.455402374267578,1.3242957592010498,-0.4563272893428802,1.3031532764434814,-3.814528524875641,1.8560084104537964,313.3995666503906
1706225101.098113,VRU_Adult,28.63614082336425,0.9187066555023192,-21.99260711669922,1.136704683303833,-3.2420544624328613,2.148731231689453,313.3043518066406
1706225101.098113,VRU_Adult_Using_Non-Motorized_Device/Prop_Other,10.48080348968506,1.3237892389297483,-0.4164373874664306,1.3021345138549805,-3.819266140460968,1.8535178899765008,313.006103515625
1706225101.198306,VRU_Adult,28.64849853515625,0.9219858646392822,-21.98462104797364,1.1411288976669312,-3.2448880672454834,2.1565957069396973,312.36236572265625
1706225101.198306,VRU_Adult_Using_Non-Motorized_Device/Prop_Other,10.439912796020508,1.323164701461792,-0.4594272673130035,1.3023366928100586,-3.81446385383606,1.855340480804444,312.7288513183594
1706225101.298502,VRU_Adult,28.64602851867676,0.9317048192024232,-21.94537925720215,1.1705944538116455,-3.257133364677429,2.194397211074829,321.24969482421875
1706225101.298502,VRU_Adult_Using_Non-Motorized_Device/Prop_Other,10.493717193603516,1.3225044012069702,-0.3898142576217651,1.3014570474624634,-3.810054004192352,1.8548141717910769,313.2338256835937
1706225101.398703,VRU_Adult,28.63904571533203,0.9122509956359864,-21.97999382019043,1.1202247142791748,-3.2437418699264526,2.120802164077759,296.3157043457031
1706225101.398703,VRU_Adult_Using_Non-Motorized_Device/Prop_Other,10.465937614440918,1.3245590925216677,-0.4318495988845825,1.3030619621276855,-3.821953058242798,1.854627132415772,312.6299133300781
1706225101.498896,VRU_Adult,28.641387939453125,0.9282922744750975,-21.94554328918457,1.1673729419708252,-3.248470902442932,2.1856038570404053,322.9205627441406
1706225101.498896,VRU_Adult_Using_Non-Motorized_Device/Prop_Other,10.478714942932127,1.322595477104187,-0.4192600846290588,1.3013545274734497,-3.8091480135917664,1.85329020023346,312.6882019042969
1706225101.599092,VRU_Adult,28.66159439086914,0.9259418249130248,-21.96818733215332,1.1540682315826416,-3.250708103179932,2.174363136291504,317.0716247558594
1706225101.599092,VRU_Adult_Using_Non-Motorized_Device/Prop_Other,10.448071479797363,1.3233667612075806,-0.457088828086853,1.3004169464111328,-3.811031222343445,1.854492425918579,313.4227294921875
1706225101.699289,VRU_Adult,28.662830352783203,0.9057443737983704,-21.976179122924805,1.1320083141326904,-3.240388035774231,2.141899824142456,302.7406616210937
1706225101.699289,VRU_Adult_Using_Non-Motorized_Device/Prop_Other,10.467728614807127,1.3233919143676758,-0.4383953809738159,1.301701545715332,-3.813706934452057,1.8552130460739136,312.7953186035156
1706225101.799486,VRU_Adult,28.630529403686523,0.9285189509391784,-21.95859718322754,1.167067527770996,-3.248457431793213,2.183751106262207,322.8389587402344
1706225101.799486,VRU_Adult_Using_Non-Motorized_Device/Prop_Other,10.442131042480469,1.322920560836792,-0.4842231273651123,1.3000131845474243,-3.809540033340454,1.8536620140075684,313.0033264160156
1706225101.899691,VRU_Adult,28.69278907775879,0.9209632873535156,-21.95810890197754,1.1404225826263428,-3.2445439100265503,2.149068117141724,307.77069091796875
1706225101.899691,VRU_Adult_Using_Non-Motorized_Device/Prop_Other,10.459916114807127,1.3235161304473877,-0.4269624054431915,1.3025020360946655,-3.814793467521668,1.8554871082305908,313.1860656738281
1706225101.999877,VRU_Adult,28.61451530456543,0.9198450446128844,-21.97964859008789,1.138150691986084,-3.2500303983688354,2.148144006729126,307.938232421875
1706225101.999877,VRU_Adult_Using_Non-Motorized_Device/Prop_Other,10.452713966369627,1.3249738216400146,-0.4677847921848297,1.3019636869430542,-3.816645622253418,1.8567790985107424,313.7130126953125
1706225102.100075,VRU_Adult,28.629907608032227,0.9275771975517272,-21.953289031982425,1.1639153957366943,-3.2544612884521484,2.18069839477539,320.8243408203125
1706225102.100075,VRU_Adult_Using_Non-Motorized_Device/Prop_Other,10.427767753601074,1.3225514888763428,-0.4880649149417877,1.3005696535110474,-3.812143564224243,1.85432767868042,312.977783203125
1706225102.200274,VRU_Adult,6.784240245819092,1.2280699014663696,-16.75257682800293,1.156073808670044,-3.2138055562973022,1.9368278980255127,18.816162109375
1706225102.200274,VRU_Adult_Using_Non-Motorized_Device/Prop_Other,10.51779556274414,1.3231415748596191,-0.3322303593158722,1.302245020866394,-3.812374889850617,1.85583245754242,313.1426696777344
1706225102.300466,VRU_Adult,28.64447784423828,0.9250636100769044,-21.95569610595703,1.1570512056350708,-3.241429328918457,2.1779651641845703,324.5925598144531
1706225102.300466,VRU_Adult_Using_Non-Motorized_Device/Prop_Other,10.469891548156738,1.3228124380111694,-0.4324992299079895,1.301513433456421,-3.8106441497802734,1.8539505004882808,313.02740478515625
1706225102.400666,VRU_Adult,28.654754638671875,0.9276365637779236,-21.97127342224121,1.1592000722885132,-3.257841825485229,2.187540531158448,321.2108154296875
1706225102.400666,VRU_Adult_Using_Non-Motorized_Device/Prop_Other,10.474327087402344,1.3236594200134275,-0.4370141625404358,1.3028576374053955,-3.814529478549957,1.855289340019226,312.8280944824219
1706225102.500866,VRU_Adult,28.66745948791504,0.9246285557746888,-21.9591121673584,1.151366949081421,-3.247553825378418,2.167898178100586,315.04595947265625
1706225102.500866,VRU_Adult_Using_Non-Motorized_Device/Prop_Other,10.435492515563965,1.3243553638458252,-0.4749462008476257,1.3005846738815308,-3.8136001229286194,1.8557013273239136,313.1602783203125
1706225102.601057,VRU_Adult,28.646928787231445,0.9300106763839722,-21.936351776123047,1.168481707572937,-3.2495211362838745,2.182777643203736,322.2433776855469
1706225102.601057,VRU_Adult_Using_Non-Motorized_Device/Prop_Other,10.458556175231934,1.324245810508728,-0.4323418438434601,1.3029356002807615,-3.815244853496552,1.8559929132461548,312.6885070800781
1706225102.701255,VRU_Adult,6.793247699737549,1.2423467636108398,-16.754745483398438,1.1628687381744385,-3.188695013523102,1.9769104719161987,18.25927734375
1706225102.701255,VRU_Adult_Using_Non-Motorized_Device/Prop_Other,10.414193153381348,1.3234813213348389,-0.5149987936019897,1.3024204969406128,-3.819092690944672,1.853596806526184,312.7032165527344
1706225102.801454,VRU_Adult,28.65193748474121,0.92437082529068,-21.94146728515625,1.1629652976989746,-3.2486274242401123,2.1719002723693848,318.0159606933594
1706225102.801454,VRU_Adult_Using_Non-Motorized_Device/Prop_Other,10.46617603302002,1.3228778839111328,-0.4361352920532226,1.3015352487564087,-3.811749756336212,1.854443907737732,312.75128173828125
1706225102.901653,VRU_Adult,28.59849739074707,0.9137527942657472,-21.98408508300781,1.125993728637695,-3.231902599334717,2.1271753311157227,302.96502685546875
1706225102.901653,VRU_Adult_Using_Non-Motorized_Device/Prop_Other,10.473695755004885,1.323249578475952,-0.4482382535934448,1.302180528640747,-3.814856171607971,1.8552453517913816,312.8060302734375
1706225103.001847,VRU_Adult,28.651979446411133,0.918081283569336,-21.964195251464844,1.138014316558838,-3.2486279010772705,2.1494479179382324,306.6723022460937
1706225103.001847,VRU_Adult_Using_Non-Motorized_Device/Prop_Other,10.523468017578123,1.3223837614059448,-0.3325457870960235,1.301367998123169,-3.809689342975617,1.85464608669281,314.0926513671875
1706225103.102054,VRU_Adult,28.65162849426269,0.9227898120880128,-21.983964920043945,1.1481812000274658,-3.246516346931457,2.162802457809448,314.0163269042969
1706225103.102054,VRU_Adult_Using_Non-Motorized_Device/Prop_Other,10.438823699951172,1.3247978687286377,-0.4807318449020386,1.301191329956055,-3.815936326980591,1.8564810752868648,313.0204467773437
1706225103.202237,VRU_Adult,28.608551025390625,0.9216115474700928,-21.96213722229004,1.157695770263672,-3.2484800815582275,2.1764369010925293,321.7633056640625
1706225103.202237,VRU_Adult_Using_Non-Motorized_Device/Prop_Other,10.470510482788086,1.322882890701294,-0.4191190898418426,1.3012803792953491,-3.8093897700309753,1.8533207178115845,312.70245361328125
1706225103.302446,VRU_Adult,28.60603141784668,0.9177277088165284,-21.997188568115234,1.1362555027008057,-3.251123785972595,2.149525880813598,307.33758544921875
1706225103.302446,VRU_Adult_Using_Non-Motorized_Device/Prop_Other,10.446575164794922,1.3255342245101929,-0.4093388617038727,1.3046060800552368,-3.820856809616089,1.8580403327941888,312.1847229003906
1706225103.40263,VRU_Adult,28.621065139770508,0.9115979671478271,-21.946514129638672,1.113990306854248,-3.250061750411988,2.1043267250061035,288.41259765625
1706225103.40263,VRU_Adult_Using_Non-Motorized_Device/Prop_Other,10.457284927368164,1.3247358798980713,-0.4614948332309723,1.3035894632339478,-3.820251941680908,1.857990264892578,312.7656555175781
1706225103.502826,VRU_Adult,28.599205017089844,0.9145652055740356,-21.9771671295166,1.1273844242095947,-3.248408794403076,2.1278085708618164,297.4303283691406
1706225103.502826,VRU_Adult_Using_Non-Motorized_Device/Prop_Other,10.42873191833496,1.324530005455017,-0.482116162776947,1.3001583814620972,-3.813742578029633,1.8554631471633911,313.0121154785156
1706225103.603024,VRU_Adult,28.615177154541016,0.913301408290863,-21.941951751708984,1.1243306398391724,-3.2517858743667603,2.1283347606658936,299.1893310546875
1706225103.603024,VRU_Adult_Using_Non-Motorized_Device/Prop_Other,10.45873737335205,1.3221982717514038,-0.4583889842033386,1.3006740808486938,-3.809728562831879,1.85324776172638,312.7548522949219
1706225103.703222,VRU_Adult,28.675392150878903,0.9237776398658752,-21.95116424560547,1.145190715789795,-3.265230894088745,2.165039539337158,309.5963134765625
1706225103.703222,VRU_Adult_Using_Non-Motorized_Device/Prop_Other,24.703266143798828,0.521691620349884,-24.44168281555176,0.5340160727500916,-3.184783041477204,1.3786405324935913,352.3064880371094
1706225103.803418,VRU_Adult,28.635173797607425,0.9145997166633606,-21.96111488342285,1.1182351112365725,-3.263753652572632,2.127342700958252,291.9504699707031
1706225103.803418,VRU_Adult_Using_Non-Motorized_Device/Prop_Other,10.436186790466309,1.3241766691207886,-0.473646879196167,1.3025521039962769,-3.820312976837158,1.854519844055176,312.49859619140625
1706225103.903613,VRU_Adult,28.597517013549805,0.924807071685791,-21.97212219238281,1.1523730754852295,-3.263551712036133,2.1719846725463867,314.2994689941406
1706225103.903613,VRU_Adult_Using_Non-Motorized_Device/Prop_Other,10.45545768737793,1.324779033660889,-0.4796961843967438,1.3031234741210938,-3.8187220096588135,1.8574461936950684,312.79205322265625
1706225104.003809,VRU_Adult,28.670005798339844,0.916823387145996,-21.94159507751465,1.1328620910644531,-3.25380277633667,2.1451845169067383,304.6303100585937
1706225104.003809,VRU_Adult_Using_Non-Motorized_Device/Prop_Other,10.468154907226562,1.3220903873443604,-0.4267786741256714,1.3013347387313845,-3.808833777904512,1.854336380958557,312.33270263671875
1706225104.104007,VRU_Adult,28.603864669799805,0.9176043272018432,-21.956710815429688,1.1379824876785278,-3.246947288513184,2.143355369567871,312.3978881835937
1706225104.104007,VRU_Adult_Using_Non-Motorized_Device/Prop_Other,10.476134300231934,1.3241852521896362,-0.4054309725761413,1.302127242088318,-3.815864503383637,1.8559504747390747,313.0233764648437
1706225104.204203,VRU_Adult,28.556760787963867,0.921153485774994,-21.921310424804688,1.1438286304473877,-3.25002121925354,2.157553195953369,309.5341491699219
1706225104.204203,VRU_Adult_Using_Non-Motorized_Device/Prop_Other,10.449448585510254,1.323156476020813,-0.466740220785141,1.3027243614196775,-3.815011858940125,1.8557960987091064,312.85369873046875
1706225104.3044,VRU_Adult,28.61110115051269,0.9268555045127868,-21.906280517578125,1.1592175960540771,-3.262885332107544,2.170865535736084,315.4568176269531
1706225104.3044,VRU_Adult_Using_Non-Motorized_Device/Prop_Other,10.457962036132812,1.3228803873062134,-0.4401127994060516,1.3016328811645508,-3.8099782466888414,1.85364294052124,312.7860412597656
1706225104.4046,VRU_Adult,6.783479690551758,1.2151890993118286,-16.759679794311523,1.1458585262298584,-3.199398994445801,1.9602813720703125,18.78524780273437
1706225104.4046,VRU_Adult_Using_Non-Motorized_Device/Prop_Other,10.489392280578612,1.324436068534851,-0.40495365858078,1.302404284477234,-3.813634276390076,1.855698823928833,313.60760498046875
1706225104.504793,VRU_Adult,6.774815559387207,1.2217075824737549,-16.771800994873047,1.1543631553649902,-3.173977255821228,1.978424310684204,20.742462158203125
1706225104.504793,VRU_Adult_Using_Non-Motorized_Device/Prop_Other,10.452869415283203,1.324913740158081,-0.473794013261795,1.3041095733642578,-3.823309183120728,1.855912685394287,312.8350524902344
1706225104.60499,VRU_Adult,28.600732803344727,0.9287927746772766,-21.895648956298828,1.1658629179000854,-3.2684565782547,2.1867568492889404,317.4482727050781
1706225104.60499,VRU_Adult_Using_Non-Motorized_Device/Prop_Other,10.476483345031738,1.3239485025405884,-0.4101592302322387,1.302249789237976,-3.813462793827057,1.8553389310836792,312.5120849609375
1706225104.705185,VRU_Adult,6.784349918365479,1.2254353761672974,-16.73713493347168,1.1561121940612793,-3.21963495016098,1.9277459383010864,19.67755126953125
1706225104.705185,VRU_Adult_Using_Non-Motorized_Device/Prop_Other,10.478252410888672,1.3251057863235474,-0.4188170731067657,1.3034627437591553,-3.816042959690094,1.8567789793014529,313.5823059082031
1706225104.805393,VRU_Adult,6.775283336639404,1.2458738088607788,-16.757198333740234,1.1698262691497805,-3.159090757369995,2.018322467803955,20.569244384765625
1706225104.805393,VRU_Adult_Using_Non-Motorized_Device/Prop_Other,10.461387634277344,1.3239320516586304,-0.430357277393341,1.302557110786438,-3.8135231733322144,1.8552114963531487,312.8074951171875
1706225104.905577,VRU_Adult,6.779489994049072,1.2275311946868896,-16.756168365478516,1.1540744304656982,-3.184267282485962,1.9765162467956543,18.6571044921875
1706225104.905577,VRU_Adult_Using_Non-Motorized_Device/Prop_Other,10.474610328674316,1.3236291408538818,-0.4379154443740845,1.3025720119476318,-3.815573692321777,1.8563756942749023,312.57696533203125
1706225105.005774,VRU_Adult,28.57422637939453,0.9168572425842284,-21.945356369018555,1.1210486888885498,-3.259124994277954,2.1137404441833496,296.3363952636719
1706225105.005774,VRU_Adult_Using_Non-Motorized_Device/Prop_Other,10.46332550048828,1.3237816095352173,-0.4369581937789917,1.3019213676452637,-3.812540233135224,1.855446457862854,313.4017028808594
1706225105.105981,VRU_Adult,28.595373153686523,0.9285290241241456,-21.949010848999023,1.1637144088745115,-3.269315481185913,2.187218189239502,321.7509460449219
1706225105.105981,VRU_Adult_Using_Non-Motorized_Device/Prop_Other,10.43135929107666,1.3259172439575195,-0.4859257340431213,1.3029773235321045,-3.820460855960846,1.858697772026062,312.3429870605469
1706225105.206181,VRU_Adult,28.521913528442383,0.927095115184784,-21.993501663208008,1.162464261054993,-3.2531501054763794,2.1888883113861084,323.8080749511719
1706225105.206181,VRU_Adult_Using_Non-Motorized_Device/Prop_Other,10.444957733154297,1.32395339012146,-0.4078205823898315,1.3028080463409424,-3.815848708152771,1.855568170547485,311.85565185546875
1706225105.306366,VRU_Adult,28.506742477416992,0.9164345264434814,-22.01829719543457,1.121405839920044,-3.262837529182434,2.123606443405152,333.4571533203125
1706225105.306366,VRU_Adult_Using_Non-Motorized_Device/Prop_Other,10.441927909851074,1.324201583862305,-0.4668514728546142,1.3030271530151367,-3.8180068135261536,1.8569120168685915,312.85797119140625
1706225105.406561,VRU_Adult,28.466768264770508,0.9292141795158386,-22.001541137695312,1.1611080169677734,-3.2559685707092285,2.184201240539551,322.0791015625
1706225105.406561,VRU_Adult_Using_Non-Motorized_Device/Prop_Other,10.480128288269045,1.3247523307800293,-0.4579958319664001,1.3028775453567505,-3.8169991970062256,1.856436252593994,312.7422790527344
1706225105.506757,VRU_Adult,28.36395835876465,0.926048219203949,-22.004194259643555,1.1760910749435425,-3.2551547288894653,2.2050912380218506,322.37872314453125
1706225105.506757,VRU_Adult_Using_Non-Motorized_Device/Prop_Other,10.440738677978516,1.3245755434036257,-0.4679396152496338,1.301803469657898,-3.815438985824585,1.856306552886963,312.4151611328125
1706225105.606955,VRU_Adult,28.349668502807617,0.9224586486816406,-22.099008560180664,1.172102451324463,-3.2713332176208496,2.20650577545166,317.7796630859375
1706225105.606955,VRU_Adult_Using_Non-Motorized_Device/Prop_Other,10.441997528076172,1.324483036994934,-0.4690941870212555,1.303709626197815,-3.818567514419556,1.857358455657959,312.7097473144531
1706225105.707165,VRU_Adult,28.327852249145508,0.924088418483734,-22.08659553527832,1.1732358932495115,-3.250040650367737,2.202406644821167,324.2118835449219
1706225105.707165,VRU_Adult_Using_Non-Motorized_Device/Prop_Other,10.52219581604004,1.3248475790023804,-0.3298152089118957,1.3037341833114624,-3.816922187805176,1.858070373535156,313.1792297363281
1706225105.807347,VRU_Adult,28.290775299072266,0.928914189338684,-22.159013748168945,1.1628985404968262,-3.2444897890090942,2.194796323776245,322.5360412597656
1706225105.807347,VRU_Adult_Using_Non-Motorized_Device/Prop_Other,10.46117877960205,1.3260929584503174,-0.4447663426399231,1.3045116662979126,-3.8197061419487,1.8584333658218384,313.371826171875
1706225105.907545,VRU_Adult,28.20531845092773,0.8927823305130005,-22.182546615600582,1.1446912288665771,-3.2524006366729736,2.145484447479248,293.3973083496094
1706225105.907545,VRU_Adult_Using_Non-Motorized_Device/Prop_Other,10.473136901855469,1.3243755102157593,-0.4330116510391235,1.3031169176101685,-3.814689576625824,1.8557521104812624,312.5822448730469
1706225106.00774,VRU_Adult,28.212966918945312,0.9187091588974,-22.187374114990234,1.1834889650344849,-3.250399589538574,2.2076473236083984,324.14013671875
1706225106.00774,VRU_Adult_Using_Non-Motorized_Device/Prop_Other,10.455999374389648,1.326015830039978,-0.4684635996818542,1.3020052909851074,-3.818188011646271,1.8574870824813845,313.01727294921875
1706225106.107937,VRU_Adult,28.11758041381836,0.897487998008728,-22.24275779724121,1.1123840808868408,-3.233722448348999,2.1037182807922363,326.3438415527344
1706225106.107937,VRU_Adult_Using_Non-Motorized_Device/Prop_Other,10.421666145324709,1.3256123065948486,-0.5023529529571533,1.304516315460205,-3.822578012943268,1.8588675260543823,312.5943603515625
1706225106.208136,VRU_Adult,27.978553771972656,0.9247913956642152,-22.250566482543945,1.167189598083496,-3.294550657272339,2.1966824531555176,328.3363952636719
1706225106.208136,VRU_Adult_Using_Non-Motorized_Device/Prop_Other,10.47895050048828,1.323824167251587,-0.4187831282615661,1.3034460544586182,-3.814187169075012,1.856748342514038,312.896240234375
1706225106.308328,VRU_Adult,27.933597564697266,0.8046218156814575,-22.35269355773925,0.9012778997421264,-3.197103798389435,1.7748788595199585,312.3550720214844
1706225106.308328,VRU_Adult_Using_Non-Motorized_Device/Prop_Other,10.446611404418944,1.324894666671753,-0.4784562885761261,1.303916573524475,-3.817934215068817,1.8571478128433228,312.7841491699219
1706225106.408527,VRU_Adult,27.949678421020508,0.7866731882095337,-22.32730865478516,0.8464726209640503,-3.18945586681366,1.6972086429595947,314.10791015625
1706225106.408527,VRU_Adult_Using_Non-Motorized_Device/Prop_Other,10.420751571655272,1.3243398666381836,-0.4946494400501251,1.3007028102874756,-3.8151835203170776,1.856166124343872,312.8136901855469
1706225106.508723,VRU_Adult,27.972400665283203,0.7076774835586548,-22.36731338500977,0.6421414613723755,-3.099063217639923,1.3661121129989624,334.2246398925781
1706225106.508723,VRU_Adult_Using_Non-Motorized_Device/Prop_Other,10.480520248413086,1.326976656913757,-0.4073564410209656,1.3054413795471191,-3.824217557907105,1.85998010635376,312.8080139160156
1706225106.608922,VRU_Adult,27.856948852539062,0.753961980342865,-22.42986869812012,0.7551592588424683,-3.1142104864120483,1.554556131362915,325.8908996582031
1706225106.608922,VRU_Adult_Using_Non-Motorized_Device/Prop_Other,10.44611644744873,1.3257169723510742,-0.4468133449554443,1.3040626049041748,-3.8185007572174072,1.857774257659912,312.34161376953125
1706225106.709115,VRU_Adult,27.807104110717773,0.6270036101341248,-22.475461959838867,0.502467155456543,-2.9912972450256348,1.1460952758789062,317.0644226074219
1706225106.709115,VRU_Adult_Using_Non-Motorized_Device/Prop_Other,10.48906707763672,1.3251780271530151,-0.4042124152183532,1.303133487701416,-3.815885961055756,1.85676109790802,313.3625793457031
1706225106.809313,VRU_Adult,27.776769638061523,0.7450960278511047,-22.32455062866211,0.7484825849533081,-3.1474791169166565,1.5446079969406128,309.9664001464844
1706225106.809313,VRU_Adult_Using_Non-Motorized_Device/Prop_Other,10.460522651672363,1.324671745300293,-0.447717547416687,1.3032913208007812,-3.818696975708008,1.8571243286132808,312.7152404785156
1706225106.909509,VRU_Adult,27.69855308532715,0.6581788659095764,-22.517379760742188,0.5850914120674133,-3.023295521736145,1.2617089748382568,303.8285522460937
1706225106.909509,VRU_Adult_Using_Non-Motorized_Device/Prop_Other,10.457887649536133,1.3254607915878296,-0.434118777513504,1.3033491373062134,-3.818905472755432,1.8577277660369875,312.567138671875
1706225107.009706,VRU_Adult,27.652698516845703,0.6389075517654419,-22.50732421875,0.536188006401062,-3.0235881209373474,1.1824132204055786,300.2342224121094
1706225107.009706,VRU_Adult_Using_Non-Motorized_Device/Prop_Other,10.455583572387695,1.3249101638793943,-0.4459236264228821,1.302512526512146,-3.817472815513611,1.8570435047149656,312.74871826171875
1706225107.109904,VRU_Adult,27.51400184631348,0.592082679271698,-22.574621200561523,0.4558704495429992,-2.9195316433906555,1.0464285612106323,306.6463928222656
1706225107.109904,VRU_Adult_Using_Non-Motorized_Device/Prop_Other,10.45124340057373,1.3258960247039795,-0.4681721031665802,1.3024404048919678,-3.817926287651062,1.8577892780303955,312.9022216796875
1706225107.210097,VRU_Adult,6.7864203453063965,1.235659122467041,-16.762910842895508,1.1696799993515017,-3.166223764419556,2.004432201385498,20.266876220703125
1706225107.210097,VRU_Adult_Using_Non-Motorized_Device/Prop_Other,10.446861267089844,1.325818419456482,-0.4362367987632751,1.3047794103622437,-3.825679063796997,1.85614824295044,312.5804443359375
1706225107.310302,VRU_Adult,27.5197982788086,0.6437130570411682,-22.51187896728516,0.5167871117591858,-2.967359960079193,1.185742974281311,205.87368774414065
1706225107.310302,VRU_Adult_Using_Non-Motorized_Device/Prop_Other,10.514571189880373,1.3253065347671509,-0.2654971182346344,1.3041123151779177,-3.8179855942726135,1.8597649335861208,313.9940185546875
1706225107.410491,VRU_Adult,27.2664794921875,0.8941072225570679,-22.51797676086425,1.1649844646453855,-3.240109920501709,2.1614208221435547,323.78204345703125
1706225107.410491,VRU_Adult_Using_Non-Motorized_Device/Prop_Other,10.456936836242676,1.3242298364639282,-0.4157875180244446,1.303428053855896,-3.816323697566986,1.8559781312942505,312.18463134765625
1706225107.510694,VRU_Adult,27.17639541625977,0.895160973072052,-22.542451858520508,1.1923846006393433,-3.255569100379944,2.194187879562378,344.5682678222656
1706225107.510694,VRU_Adult_Using_Non-Motorized_Device/Prop_Other,10.46059226989746,1.3244407176971436,-0.4679657816886902,1.3029887676239014,-3.8171483874320975,1.8567739725112915,312.5865783691406
1706225107.610884,VRU_Adult,6.786229610443115,1.2228209972381592,-16.762775421142578,1.1487940549850464,-3.2338765263557434,1.9189475774765008,19.624755859375
1706225107.610884,VRU_Adult_Using_Non-Motorized_Device/Prop_Other,10.47850513458252,1.3240214586257937,-0.420662373304367,1.3024673461914062,-3.8137903809547424,1.8556841611862185,312.8354797363281
1706225107.711079,VRU_Adult,6.787510395050049,1.232237696647644,-16.752981185913086,1.1632109880447388,-3.173904836177826,1.9786616563797,20.571746826171875
1706225107.711079,VRU_Adult_Using_Non-Motorized_Device/Prop_Other,10.438817024230955,1.3240238428115845,-0.4932644963264465,1.3023924827575684,-3.81655865907669,1.8563255071640008,312.00506591796875
1706225107.811276,VRU_Adult,27.03321075439453,0.8913310170173645,-22.513952255249023,1.1486213207244873,-3.2193384170532227,2.09844970703125,330.60430908203125
1706225107.811276,VRU_Adult_Using_Non-Motorized_Device/Prop_Other,10.27288055419922,1.3261839151382446,-0.7487059831619263,1.3056917190551758,-3.8140133023262015,1.8561557531356807,305.57843017578125
1706225107.911475,VRU_Adult,6.804573059082031,1.2363553047180176,-16.746183395385742,1.1646196842193604,-3.1852556467056274,1.969197988510132,20.96517944335937
1706225107.911475,VRU_Adult_Using_Non-Motorized_Device/Prop_Other,10.45973777770996,1.3253490924835205,-0.4680606424808502,1.304171800613403,-3.819521188735962,1.8577895164489744,312.0
1706225108.011672,VRU_Adult,6.778988361358643,1.2161744832992554,-16.769105911254883,1.1575267314910889,-3.173794269561768,1.983407020568848,19.608123779296875
1706225108.011672,VRU_Adult_Using_Non-Motorized_Device/Prop_Other,10.449263572692873,1.3262240886688232,-0.4371290504932403,1.3045470714569092,-3.8232521414756775,1.8590556383132928,312.198974609375
1706225108.111872,VRU_Adult,6.790797233581543,1.238425850868225,-16.752958297729492,1.1675360202789309,-3.1947315335273743,1.9653934240341189,21.062957763671875
1706225108.111872,VRU_Adult_Using_Non-Motorized_Device/Prop_Other,10.435099601745604,1.324620246887207,-0.4548867046833038,1.302884578704834,-3.816838979721069,1.856611728668213,312.33917236328125
1706225108.212063,VRU_Adult,6.782328605651856,1.2261070013046265,-16.756006240844727,1.159920334815979,-3.1586737632751465,2.004744529724121,19.432769775390625
1706225108.212063,VRU_Adult_Using_Non-Motorized_Device/Prop_Other,10.473589897155762,1.3242987394332886,-0.4354901313781738,1.3032506704330444,-3.8175477981567374,1.8565702438354488,312.71893310546875
1706225108.31226,VRU_Adult,6.801374435424805,1.2412279844284058,-16.75247573852539,1.1744086742401123,-3.175459921360016,1.9936531782150269,21.08551025390625
1706225108.31226,VRU_Adult_Using_Non-Motorized_Device/Prop_Other,10.273083686828612,1.3248084783554075,-0.7403088212013245,1.3059806823730469,-3.811774969100952,1.8544011116027832,305.4057312011719
1706225108.412456,VRU_Adult,26.720727920532227,0.7691361904144287,-22.80238914489746,0.8318603038787842,-3.170640468597412,1.7313566207885742,192.2993927001953
1706225108.412456,VRU_Adult_Using_Non-Motorized_Device/Prop_Other,10.470518112182615,1.3253628015518188,-0.4640426337718963,1.303638577461243,-3.819994568824768,1.8580167293548584,312.58984375
1706225108.512652,VRU_Adult,24.359769821166992,0.6655546426773071,-25.449573516845703,0.5732475519180298,-3.027322769165039,1.294149398803711,108.32025146484376
1706225108.512652,VRU_Adult_Using_Non-Motorized_Device/Prop_Other,10.491095542907717,1.3253220319747925,-0.4219483137130737,1.3028481006622314,-3.8162392377853394,1.85694432258606,312.9446716308594
1706225108.612858,VRU_Adult,6.7963643074035645,1.2286145687103271,-16.7445125579834,1.1588447093963623,-3.1990561485290527,1.961153030395508,19.16815185546875
1706225108.612858,VRU_Adult_Using_Non-Motorized_Device/Prop_Other,10.435336112976074,1.325495719909668,-0.4964920282363891,1.30463445186615,-3.821655035018921,1.8583722114562988,311.8262023925781
1706225108.713061,VRU_Adult,6.778587818145752,1.2321306467056274,-16.757192611694336,1.1668002605438232,-3.140711545944214,2.0316033363342285,20.702880859375
1706225108.713061,VRU_Adult_Using_Non-Motorized_Device/Prop_Other,10.427655220031738,1.3251806497573853,-0.4777690768241882,1.3019388914108276,-3.81783664226532,1.8575031757354736,312.2364807128906
1706225108.813247,VRU_Adult,6.787148475646973,1.240328669548035,-16.756980895996094,1.1647852659225464,-3.189842402935028,1.9690357446670528,20.689422607421875
1706225108.813247,VRU_Adult_Using_Non-Motorized_Device/Prop_Other,10.455926895141602,1.3242641687393188,-0.4291381537914276,1.3032703399658203,-3.815710961818695,1.856232762336731,312.05133056640625
1706225108.913438,VRU_Adult,26.379440307617188,0.8494315147399902,-22.78415298461914,0.9200522899627686,-3.180938959121704,1.962510585784912,199.7728271484375
1706225108.913438,VRU_Adult_Using_Non-Motorized_Device/Prop_Other,10.465044021606444,1.3233094215393066,-0.4274150729179382,1.3020317554473877,-3.813595771789551,1.8548927307128904,311.8931579589844
1706225109.013641,VRU_Adult,26.343202590942383,0.8354972004890442,-22.78302955627441,0.937539517879486,-3.184420824050904,1.9750208854675293,54.512725830078125
1706225109.013641,VRU_Adult_Using_Non-Motorized_Device/Prop_Other,-1.812042236328125,1.3236690759658811,-6.194980621337891,1.2503427267074585,-3.815596997737885,1.8610020875930784,74.24191284179688
1706225109.113836,VRU_Adult,26.310396194458008,0.9087674617767334,-22.797895431518555,1.0946298837661743,-3.310297966003418,2.175006866455078,8.20416259765625
1706225109.113836,VRU_Adult_Using_Non-Motorized_Device/Prop_Other,10.467411041259766,1.3254259824752808,-0.4143176674842834,1.3028019666671753,-3.816267371177673,1.8568212985992432,313.1116943359375
1706225109.214029,VRU_Adult,26.25489044189453,0.8144404888153076,-22.77626609802246,0.8208372592926025,-3.201323270797729,1.817410945892334,2.0670166015625
1706225109.214029,VRU_Adult_Using_Non-Motorized_Device/Prop_Other,10.449219703674316,1.326402187347412,-0.4635392427444458,1.3054414987564087,-3.825037300586701,1.8596957921981807,312.8022766113281
1706225109.314225,VRU_Adult,26.204708099365234,0.7576029896736145,-22.85205841064453,0.7586958408355713,-3.165032386779785,1.7831401824951172,9.2694091796875
1706225109.314225,VRU_Adult_Using_Non-Motorized_Device/Prop_Other,10.447134017944336,1.3275113105773926,-0.4797967672348022,1.3055965900421145,-3.826754927635193,1.8612749576568604,312.16162109375
1706225109.414423,VRU_Adult,26.18240165710449,0.825830340385437,-22.82856178283692,0.7954365015029907,-3.146430552005768,1.690451979637146,16.288818359375
1706225109.414423,VRU_Adult_Using_Non-Motorized_Device/Prop_Other,10.504332542419434,1.3244221210479736,-0.375553548336029,1.3036712408065796,-3.81589448451996,1.857630968093872,312.681640625
1706225109.514637,VRU_Adult,6.779918670654297,1.232079029083252,-16.757099151611328,1.1590901613235474,-3.230881690979004,1.9238224029541016,21.68426513671875
1706225109.514637,VRU_Adult_Using_Non-Motorized_Device/Prop_Other,10.50755500793457,1.3239734172821045,-0.3645330369472503,1.3032079935073853,-3.814420223236084,1.85683822631836,312.0450744628906
1706225109.614834,VRU_Adult,6.794933319091797,1.2313425540924072,-16.752580642700195,1.1618605852127075,-3.1883193254470825,1.97241473197937,18.18951416015625
1706225109.614834,VRU_Adult_Using_Non-Motorized_Device/Prop_Other,10.45720100402832,1.325347900390625,-0.4388150572776794,1.3038119077682495,-3.818290770053864,1.8574599027633667,312.6296691894531
1706225109.715018,VRU_Adult,6.771352291107178,1.2380613088607788,-16.762935638427734,1.1564390659332275,-3.157758116722107,2.011744737625122,21.179931640625
1706225109.715018,VRU_Adult_Using_Non-Motorized_Device/Prop_Other,10.486406326293944,1.325653910636902,-0.4115786552429199,1.3038374185562134,-3.817452549934387,1.8572642803192136,312.7027893066406
1706225109.815209,VRU_Adult,25.964284896850582,0.7091590762138367,-22.94264411926269,0.7694010734558105,-3.212782919406891,1.9945687055587769,3.330169677734375
1706225109.815209,VRU_Adult_Using_Non-Motorized_Device/Prop_Other,10.452070236206056,1.3260560035705566,-0.4656023681163788,1.3051332235336304,-3.823177337646485,1.8598833084106443,312.36932373046875
1706225109.915406,VRU_Adult,6.76793384552002,1.2172520160675049,-16.780454635620117,1.1608444452285769,-3.1574926376342773,2.011932373046875,20.515594482421875
1706225109.915406,VRU_Adult_Using_Non-Motorized_Device/Prop_Other,10.45598316192627,1.324825882911682,-0.4500970542430877,1.3020577430725098,-3.815733850002289,1.856831669807434,313.0588073730469
1706225110.015602,VRU_Adult,6.7873053550720215,1.2353757619857788,-16.73981475830078,1.1588561534881592,-3.204507350921631,1.9595365524291992,19.667938232421875
1706225110.015602,VRU_Adult_Using_Non-Motorized_Device/Prop_Other,10.463396072387695,1.3264589309692385,-0.4118699431419372,1.3049046993255615,-3.821078717708588,1.8587075471878047,312.1864318847656
1706225110.115816,VRU_Adult,25.73658943176269,0.8365155458450317,-22.97097969055176,0.90934020280838,-3.2611193656921387,2.066281318664551,30.23834228515625
1706225110.115816,VRU_Adult_Using_Non-Motorized_Device/Prop_Other,10.478772163391112,1.3250359296798706,-0.4331299066543579,1.3030781745910645,-3.815777719020844,1.856685757637024,312.4074401855469
1706225110.215995,VRU_Adult,25.715835571289062,0.7800673246383667,-22.961801528930664,0.7650892734527588,-3.1580411195755005,1.835815191268921,20.20550537109375
1706225110.215995,VRU_Adult_Using_Non-Motorized_Device/Prop_Other,10.435606002807615,1.326167106628418,-0.4580917060375213,1.302135944366455,-3.819057822227478,1.8582184314727783,312.5052490234375
1706225110.316205,VRU_Adult,25.71925926208496,0.8690016269683838,-22.97223281860352,0.9446241855621338,-3.184427559375763,1.9320186376571653,9.3104248046875
1706225110.316205,VRU_Adult_Using_Non-Motorized_Device/Prop_Other,10.485946655273438,1.3229327201843262,-0.4307955801486969,1.3014397621154783,-3.811312437057495,1.854063510894776,312.395263671875
1706225110.416388,VRU_Adult,6.782712459564209,1.228124976158142,-16.76015853881836,1.1653378009796145,-3.155009388923645,2.011483907699585,19.844146728515625
1706225110.416388,VRU_Adult_Using_Non-Motorized_Device/Prop_Other,10.451886177062988,1.323054313659668,-0.4449541866779327,1.3015519380569458,-3.810810983181,1.85431969165802,312.2791442871094
1706225110.516584,VRU_Adult,25.62105178833008,0.741325318813324,-23.093246459960938,0.6862118244171143,-3.0311625599861145,1.5754684209823608,347.950439453125
1706225110.516584,VRU_Adult_Using_Non-Motorized_Device/Prop_Other,10.45334815979004,1.3253669738769531,-0.4761196672916412,1.303955078125,-3.819307446479797,1.857665777206421,311.86456298828125
1706225110.616782,VRU_Adult,25.57194328308105,0.7572281360626221,-23.13497734069824,0.7302734851837158,-3.121594548225403,1.747380018234253,344.2767944335937
1706225110.616782,VRU_Adult_Using_Non-Motorized_Device/Prop_Other,10.45736026763916,1.3264775276184082,-0.4368847608566284,1.304479956626892,-3.8198009729385376,1.858513593673706,312.4961242675781
1706225110.716977,VRU_Adult,6.787405014038086,1.2252442836761477,-16.754531860351562,1.1567785739898682,-3.2162059545516968,1.936619997024536,21.48129272460937
1706225110.716977,VRU_Adult_Using_Non-Motorized_Device/Prop_Other,10.436575889587402,1.327198505401611,-0.4752094149589538,1.3041913509368896,-3.828266978263855,1.8592817783355715,313.56951904296875
1706225110.817189,VRU_Adult,6.782050132751465,1.226935863494873,-16.767072677612305,1.1651629209518433,-3.147823929786682,2.0218865871429443,20.099578857421875
1706225110.817189,VRU_Adult_Using_Non-Motorized_Device/Prop_Other,10.464333534240724,1.3253556489944458,-0.424732506275177,1.3039863109588623,-3.817345142364502,1.857346534729004,312.3534545898437
1706225110.91737,VRU_Adult,6.780210494995117,1.2160358428955078,-16.75857925415039,1.1488932371139526,-3.2174540162086487,1.928361773490905,19.9219970703125
1706225110.91737,VRU_Adult_Using_Non-Motorized_Device/Prop_Other,10.482525825500488,1.3238850831985474,-0.423969566822052,1.3021855354309082,-3.814773440361023,1.855628252029419,312.4345703125
1706225111.017568,VRU_Adult,6.794548988342285,1.2339849472045898,-16.763198852539062,1.1648601293563845,-3.1841137409210205,1.977916240692139,20.4979248046875
1706225111.017568,VRU_Adult_Using_Non-Motorized_Device/Prop_Other,10.45485496520996,1.324733018875122,-0.4347612261772156,1.3039082288742063,-3.82005512714386,1.857558965682984,311.2515563964844
1706225111.117773,VRU_Adult,6.76398229598999,1.2314732074737549,-16.756168365478516,1.1664286851882937,-3.1751850843429565,1.9916861057281487,22.1473388671875
1706225111.117773,VRU_Adult_Using_Non-Motorized_Device/Prop_Other,10.479267120361328,1.3253103494644165,-0.4244269430637359,1.3036038875579834,-3.816618740558624,1.8570102453231807,312.1824035644531
1706225111.21796,VRU_Adult,6.795873641967773,1.227331280708313,-16.759571075439453,1.1602044105529783,-3.1847559213638306,1.980684995651245,19.568634033203125
1706225111.21796,VRU_Adult_Using_Non-Motorized_Device/Prop_Other,10.458008766174316,1.324797749519348,-0.4487662315368652,1.3031002283096311,-3.8171196579933167,1.8569906949996948,312.3959350585937
1706225111.318156,VRU_Adult,6.774898529052734,1.223792314529419,-16.77461814880371,1.1628035306930542,-3.147253155708313,2.0177695751190186,20.20196533203125
1706225111.318156,VRU_Adult_Using_Non-Motorized_Device/Prop_Other,10.462989807128906,1.3249329328536987,-0.4419403970241546,1.3035918474197388,-3.817144453525543,1.8569315671920776,312.025146484375
1706225111.418359,VRU_Adult,6.789417743682861,1.2229474782943726,-16.761886596679688,1.1534008979797363,-3.205336689949036,1.9567620754241943,18.523651123046875
1706225111.418359,VRU_Adult_Using_Non-Motorized_Device/Prop_Other,10.517969131469728,1.3233484029769895,-0.3397888541221618,1.302336812019348,-3.812766134738922,1.8560932874679563,313.17047119140625
1706225111.518563,VRU_Adult,6.783144950866699,1.2192230224609375,-16.753768920898438,1.1526200771331787,-3.1979859471321106,1.951025366783142,21.1553955078125
1706225111.518563,VRU_Adult_Using_Non-Motorized_Device/Prop_Other,10.443150520324709,1.3241524696350098,-0.4822470247745514,1.301639199256897,-3.815875113010408,1.856347918510437,312.2642822265625
1706225111.618747,VRU_Adult,6.773880958557129,1.2274843454360962,-16.7620792388916,1.1638579368591309,-3.15634560585022,2.0113682746887207,19.853424072265625
1706225111.618747,VRU_Adult_Using_Non-Motorized_Device/Prop_Other,10.468948364257812,1.326856017112732,-0.4182824790477752,1.3061057329177856,-3.823257029056549,1.859629511833191,311.7354736328125
1706225111.718944,VRU_Adult,6.781783580780029,1.240355134010315,-16.751651763916016,1.1736454963684082,-3.1804484724998474,1.98086941242218,19.5985107421875
1706225111.718944,VRU_Adult_Using_Non-Motorized_Device/Prop_Other,10.449844360351562,1.3251190185546875,-0.4699405431747436,1.3033407926559448,-3.823233664035797,1.855906367301941,312.261962890625
1706225111.819138,VRU_Adult,6.787391185760498,1.2058812379837036,-16.774486541748047,1.1435728073120115,-3.156964063644409,1.990821361541748,20.45654296875
1706225111.819138,VRU_Adult_Using_Non-Motorized_Device/Prop_Other,10.445667266845703,1.3259354829788208,-0.4853000044822693,1.303304672241211,-3.8224304914474487,1.859166383743286,311.71661376953125
1706225111.919364,VRU_Adult,6.789060592651367,1.2330223321914673,-16.7449893951416,1.1598317623138428,-3.2148587703704834,1.946524143218994,19.88653564453125
1706225111.919364,VRU_Adult_Using_Non-Motorized_Device/Prop_Other,10.462824821472168,1.3253047466278076,-0.4359964728355407,1.3032708168029783,-3.8237805366516113,1.8558921813964844,312.08953857421875
1706225112.019534,VRU_Adult,22.83098030090332,0.7068746089935303,-25.341915130615234,0.6431120038032532,-3.03716379404068,1.3244632482528689,302.9858703613281
1706225112.019534,VRU_Adult_Using_Non-Motorized_Device/Prop_Other,10.48560905456543,1.3256527185440063,-0.4512788653373718,1.3036037683486938,-3.8185765147209167,1.857722878456116,312.5585021972656
1706225112.11973,VRU_Adult,6.784285545349121,1.2290048599243164,-16.76283073425293,1.1644974946975708,-3.177207827568054,1.989076852798462,19.568634033203125
1706225112.11973,VRU_Adult_Using_Non-Motorized_Device/Prop_Other,10.447699546813965,1.326850652694702,-0.4798056781291961,1.3054360151290894,-3.8244571685791016,1.859975814819336,312.0946655273437
1706225112.219931,VRU_Adult,6.769100189208984,1.2330700159072876,-16.766618728637695,1.1624037027359009,-3.196259558200836,1.966057658195496,19.0509033203125
1706225112.219931,VRU_Adult_Using_Non-Motorized_Device/Prop_Other,10.504464149475098,1.3235009908676147,-0.3811765313148498,1.3030259609222412,-3.813473641872406,1.8565236330032349,311.7366943359375
1706225112.320123,VRU_Adult,6.778526782989502,1.2437056303024292,-16.7607364654541,1.166719675064087,-3.185952663421631,1.971884727478028,19.917266845703125
1706225112.320123,VRU_Adult_Using_Non-Motorized_Device/Prop_Other,10.463749885559082,1.3260433673858645,-0.4296208024024963,1.303699970245361,-3.819952726364136,1.8584904670715328,312.702880859375
1706225112.42033,VRU_Adult,6.780879974365234,1.229621410369873,-16.760894775390625,1.1564475297927856,-3.227647840976715,1.925079226493836,21.147491455078125
1706225112.42033,VRU_Adult_Using_Non-Motorized_Device/Prop_Other,10.473215103149414,1.3251376152038574,-0.4137312769889831,1.3045059442520142,-3.817516565322876,1.858336925506592,311.7989196777344
1706225112.520516,VRU_Adult,6.7745890617370605,1.2398006916046145,-16.763931274414062,1.1781530380249023,-3.146641612052917,2.0275890827178955,20.1717529296875
1706225112.520516,VRU_Adult_Using_Non-Motorized_Device/Prop_Other,10.44074249267578,1.3253833055496216,-0.4477711021900177,1.3013486862182615,-3.816014111042023,1.8566526174545288,312.36212158203125
1706225112.620728,VRU_Adult,6.796206951141357,1.2139326333999634,-16.7426815032959,1.1402368545532229,-3.2165277004241943,1.929267406463623,19.30316162109375
1706225112.620728,VRU_Adult_Using_Non-Motorized_Device/Prop_Other,10.47032356262207,1.3257715702056885,-0.4365708827972412,1.303813099861145,-3.8249648809432975,1.8564159870147705,312.0533142089844
1706225112.720908,VRU_Adult,6.779996871948242,1.229519248008728,-16.763755798339844,1.1634308099746704,-3.154345989227295,2.0153608322143555,20.171600341796875
1706225112.720908,VRU_Adult_Using_Non-Motorized_Device/Prop_Other,10.46645736694336,1.3249480724334717,-0.4286564886569977,1.303045630455017,-3.815873861312866,1.85651445388794,312.4788513183594
1706225112.821119,VRU_Adult,6.781971454620361,1.2202095985412598,-16.753887176513672,1.1527506113052368,-3.202480494976044,1.9477049112319944,20.04388427734375
1706225112.821119,VRU_Adult_Using_Non-Motorized_Device/Prop_Other,10.444547653198242,1.3253717422485352,-0.475754976272583,1.3042575120925903,-3.822054386138916,1.8591947555541992,312.3489990234375
1706225112.921304,VRU_Adult,6.784280300140381,1.2348686456680298,-16.759933471679688,1.166161298751831,-3.169258177280426,1.9989861249923704,20.3157958984375
1706225112.921304,VRU_Adult_Using_Non-Motorized_Device/Prop_Other,10.444493293762209,1.3266528844833374,-0.4937846064567566,1.3043657541275024,-3.8207266330718994,1.858940601348877,312.6449584960937
1706225113.021501,VRU_Adult,6.774351119995117,1.2321710586547852,-16.768171310424805,1.1568350791931152,-3.154187858104706,1.998966813087464,20.24301147460937
1706225113.021501,VRU_Adult_Using_Non-Motorized_Device/Prop_Other,10.40564250946045,1.3254799842834473,-0.5413841009140015,1.301809310913086,-3.823192000389099,1.8562662601470947,312.648193359375
1706225113.121698,VRU_Adult,6.7807230949401855,1.208552598953247,-16.76944351196289,1.1354482173919678,-3.2369484901428223,1.9125051498413088,19.0587158203125
1706225113.121698,VRU_Adult_Using_Non-Motorized_Device/Prop_Other,10.521071434020996,1.321388840675354,-0.3287058174610138,1.3005824089050293,-3.807351589202881,1.8533191680908203,312.1453552246094
1706225113.221906,VRU_Adult,6.78464412689209,1.2437732219696045,-16.7589168548584,1.1747808456420898,-3.155047059059143,2.010907888412476,21.28009033203125
1706225113.221906,VRU_Adult_Using_Non-Motorized_Device/Prop_Other,10.46965789794922,1.3246864080429075,-0.4101330637931824,1.3030061721801758,-3.815870761871338,1.8562345504760744,312.84747314453125
1706225113.322093,VRU_Adult,6.792165756225586,1.2292860746383667,-16.753559112548828,1.1539465188980105,-3.2076961994171143,1.9511237144470213,20.37167358398437
1706225113.322093,VRU_Adult_Using_Non-Motorized_Device/Prop_Other,10.464879035949709,1.3250136375427246,-0.4354974925518036,1.30361008644104,-3.8182312846183777,1.8570696115493768,312.305908203125
1706225113.422283,VRU_Adult,6.793878078460693,1.213678956031799,-16.73874855041504,1.13982892036438,-3.228554785251617,1.9213265180587769,20.48333740234375
1706225113.422283,VRU_Adult_Using_Non-Motorized_Device/Prop_Other,10.49810028076172,1.32403564453125,-0.3663963675498962,1.3033146858215332,-3.814608693122864,1.856772184371948,312.18359375
1706225113.52248,VRU_Adult,6.78929328918457,1.2201684713363647,-16.758691787719727,1.1497292518615725,-3.2111469507217407,1.929898977279663,20.653717041015625
1706225113.52248,VRU_Adult_Using_Non-Motorized_Device/Prop_Other,10.461520195007324,1.3247393369674685,-0.4518578052520752,1.3037065267562866,-3.819569349288941,1.8573822975158687,311.56622314453125
1706225113.622702,VRU_Adult,6.774287700653076,1.2182695865631104,-16.773561477661133,1.153926134109497,-3.145501613616944,2.0149545669555664,20.2105712890625
1706225113.622702,VRU_Adult_Using_Non-Motorized_Device/Prop_Other,10.447455406188965,1.3251549005508425,-0.4338592290878296,1.3034816980361938,-3.81809276342392,1.8564616441726685,311.8182983398437
1706225113.722872,VRU_Adult,6.79652214050293,1.2245166301727295,-16.759193420410156,1.154177188873291,-3.214545726776123,1.9315824508666992,18.943267822265625
1706225113.722872,VRU_Adult_Using_Non-Motorized_Device/Prop_Other,10.460457801818848,1.3258569240570068,-0.4445082545280456,1.303987741470337,-3.817820370197296,1.857077956199646,312.4423828125
1706225113.82307,VRU_Adult,6.781358242034912,1.227553367614746,-16.759721755981445,1.1621743440628052,-3.185620903968811,1.9651296138763428,20.65301513671875
1706225113.82307,VRU_Adult_Using_Non-Motorized_Device/Prop_Other,10.462824821472168,1.3259516954421997,-0.4447817206382751,1.304152250289917,-3.819637775421143,1.8583908081054688,312.4417724609375
1706225113.923265,VRU_Adult,6.774216651916504,1.2125989198684692,-16.767284393310547,1.1449172496795654,-3.194307565689087,1.953486919403076,20.4791259765625
1706225113.923265,VRU_Adult_Using_Non-Motorized_Device/Prop_Other,10.483335494995115,1.3236870765686035,-0.4068803489208221,1.302854299545288,-3.814929306507111,1.8554881811141968,312.44659423828125
1706225114.023463,VRU_Adult,6.788204193115234,1.2234009504318235,-16.775632858276367,1.153133988380432,-3.1814720034599304,1.992835640907288,18.75701904296875
1706225114.023463,VRU_Adult_Using_Non-Motorized_Device/Prop_Other,10.47640609741211,1.3249309062957764,-0.4305943250656128,1.303565263748169,-3.8199873566627502,1.857949137687683,312.6336975097656
1706225114.123666,VRU_Adult,6.782827377319336,1.2227646112442017,-16.75030517578125,1.1455682516098022,-3.238928437232971,1.9103000164031985,19.0997314453125
1706225114.123666,VRU_Adult_Using_Non-Motorized_Device/Prop_Other,10.50535774230957,1.32445228099823,-0.3593156337738037,1.303910255432129,-3.816033184528351,1.8577512502670288,312.5712280273437
1706225114.223854,VRU_Adult,6.761136054992676,1.2200937271118164,-16.777387619018555,1.1633156538009644,-3.1534459590911865,2.0166401863098145,19.583221435546875
1706225114.223854,VRU_Adult_Using_Non-Motorized_Device/Prop_Other,10.456398010253906,1.3253990411758425,-0.4450015127658844,1.3035155534744265,-3.824364721775055,1.856340289115905,312.5863952636719
1706225114.324051,VRU_Adult,24.38395500183105,0.7306911945343018,-25.70403480529785,0.6536254286766052,-3.0149422883987427,1.4419171810150146,286.51885986328125
1706225114.324051,VRU_Adult_Using_Non-Motorized_Device/Prop_Other,10.473289489746094,1.3234646320343018,-0.414586067199707,1.3026163578033447,-3.812907576560974,1.8561909198760984,311.8028564453125
1706225114.424252,VRU_Adult,6.795340538024902,1.223490595817566,-16.75090980529785,1.1542876958847046,-3.207112669944763,1.9477989673614504,18.30975341796875
1706225114.424252,VRU_Adult_Using_Non-Motorized_Device/Prop_Other,10.441506385803224,1.32430899143219,-0.4505387544631958,1.303425908088684,-3.8153834342956543,1.856049537658692,311.7934265136719
1706225114.524442,VRU_Adult,6.775745391845703,1.2200301885604858,-16.758466720581055,1.1616313457489014,-3.148103713989258,2.013338088989258,20.8046875
1706225114.524442,VRU_Adult_Using_Non-Motorized_Device/Prop_Other,10.463191032409668,1.321890354156494,-0.452995240688324,1.300445795059204,-3.809385776519776,1.853093147277832,312.26593017578125
1706225114.624657,VRU_Adult,6.777043342590332,1.220630168914795,-16.781814575195312,1.1561920642852783,-3.1914109587669373,1.9750148057937624,18.51593017578125
1706225114.624657,VRU_Adult_Using_Non-Motorized_Device/Prop_Other,10.491453170776367,1.3254454135894775,-0.3995381891727447,1.3034287691116333,-3.819465935230255,1.8577970266342163,313.00457763671875
1706225114.724837,VRU_Adult,6.781517505645752,1.2308090925216677,-16.767702102661133,1.1664007902145386,-3.1745249032974243,1.9802091121673584,19.5172119140625
1706225114.724837,VRU_Adult_Using_Non-Motorized_Device/Prop_Other,10.442869186401367,1.3264507055282593,-0.4798417389392853,1.3032679557800293,-3.8231300711631775,1.860015034675598,313.537841796875
1706225114.825033,VRU_Adult,6.7839674949646,1.2179511785507202,-16.75704574584961,1.1541447639465332,-3.1591717004776,2.002448797225952,19.97271728515625
1706225114.825033,VRU_Adult_Using_Non-Motorized_Device/Prop_Other,22.88810539245605,0.9385709166526794,-28.325437545776367,1.246730089187622,-3.196438193321228,2.410895586013794,141.62496948242188
1706225114.92523,VRU_Adult,24.42339515686035,0.655276894569397,-25.44493293762207,0.6748189926147461,-3.0870241522789,1.3981987237930298,281.2369079589844
1706225114.92523,VRU_Adult_Using_Non-Motorized_Device/Prop_Other,10.442848205566406,1.3242179155349731,-0.4485397636890411,1.3021817207336426,-3.814519584178925,1.8557449579238887,311.8262939453125
1706225115.025435,VRU_Adult,24.383689880371094,0.7177931666374207,-25.14299964904785,0.6912797093391418,-3.0725903511047363,1.4350385665893557,265.3099975585937
1706225115.025435,VRU_Adult_Using_Non-Motorized_Device/Prop_Other,10.485177993774414,1.3239645957946775,-0.4114298224449157,1.3026553392410278,-3.815701425075531,1.8559514284133911,313.08740234375
1706225115.125623,VRU_Adult,6.800717830657959,1.2292276620864868,-16.738590240478516,1.1572649478912354,-3.206500291824341,1.9304518699646,19.7052001953125
1706225115.125623,VRU_Adult_Using_Non-Motorized_Device/Prop_Other,10.399874687194824,1.324107646942139,-0.5285497307777405,1.3035024404525757,-3.818786978721618,1.857163667678833,311.26031494140625
1706225115.225819,VRU_Adult,24.371835708618164,0.7663506865501404,-25.502832412719727,0.7536439895629883,-3.116835355758667,1.630545139312744,269.36199951171875
1706225115.225819,VRU_Adult_Using_Non-Motorized_Device/Prop_Other,10.4680814743042,1.3261141777038574,-0.4377698302268982,1.3051989078521729,-3.822701334953308,1.859187364578247,312.5533447265625
1706225115.326029,VRU_Adult,24.385683059692383,0.7071300745010376,-25.465770721435547,0.7137787938117981,-3.0951449871063232,1.5461249351501465,240.9481201171875
1706225115.326029,VRU_Adult_Using_Non-Motorized_Device/Prop_Other,10.44201374053955,1.3248504400253296,-0.4750407338142395,1.301620364189148,-3.8161412477493286,1.85691237449646,313.31219482421875
1706225115.426212,VRU_Adult,21.88381576538086,0.6863959431648254,-26.05831527709961,0.6160739660263062,-3.120550632476806,1.242640495300293,185.8845977783203
1706225115.426212,VRU_Adult_Using_Non-Motorized_Device/Prop_Other,10.476019859313965,1.3259459733963013,-0.4251464605331421,1.3043274879455566,-3.8255523443222046,1.856787919998169,312.7549743652344
1706225115.526417,VRU_Adult,6.786968231201172,1.228074550628662,-16.785072326660156,1.1627228260040283,-3.149443984031677,2.021123170852661,20.31793212890625
1706225115.526417,VRU_Adult_Using_Non-Motorized_Device/Prop_Other,10.46501922607422,1.3246958255767822,-0.4508687257766723,1.3039993047714231,-3.8181095719337454,1.8573979139328003,311.6795959472656
1706225115.626604,VRU_Adult,6.787134647369385,1.2308592796325684,-16.76852798461914,1.1620672941207886,-3.193632125854492,1.955970764160156,19.689727783203125
1706225115.626604,VRU_Adult_Using_Non-Motorized_Device/Prop_Other,10.488189697265623,1.3235031366348269,-0.3702406883239746,1.3033686876296997,-3.813059031963349,1.8561569452285769,312.5196228027344
1706225115.726802,VRU_Adult,6.78410005569458,1.2253247499465942,-16.748428344726562,1.158641695976257,-3.212241291999817,1.9536731243133545,19.49276733398437
1706225115.726802,VRU_Adult_Using_Non-Motorized_Device/Prop_Other,10.440381050109863,1.3256057500839231,-0.4728653728961944,1.3050060272216797,-3.82176274061203,1.8586679697036743,312.4017944335937
1706225115.826997,VRU_Adult,6.774496555328369,1.2203913927078247,-16.74254608154297,1.1570030450820925,-3.190093576908112,1.9698179960250848,23.044189453125
1706225115.826997,VRU_Adult_Using_Non-Motorized_Device/Prop_Other,10.489755630493164,1.3227378129959106,-0.394394963979721,1.3021442890167236,-3.810985743999481,1.855333924293518,312.22723388671875
1706225115.927194,VRU_Adult,6.796450614929199,1.2310632467269895,-16.746164321899414,1.1601271629333496,-3.18677282333374,1.971283912658692,18.774169921875
1706225115.927194,VRU_Adult_Using_Non-Motorized_Device/Prop_Other,10.458020210266112,1.3241480588912964,-0.4124413728713989,1.3033719062805176,-3.817558169364929,1.8565523624420168,312.2628173828125
1706225116.02739,VRU_Adult,6.796450614929199,1.2310632467269895,-16.746164321899414,1.1601271629333496,-3.18677282333374,1.971283912658692,18.774169921875
1706225116.02739,VRU_Adult_Using_Non-Motorized_Device/Prop_Other,10.458020210266112,1.3241480588912964,-0.4124413728713989,1.3033719062805176,-3.817558169364929,1.8565523624420168,312.2628173828125
